Algorithm,WaitingTime,Energy
GA_WaitingTime_Dominance,0.986000,0.050462305
GA_WaitingTime_Dominance,1.014000,0.049936343
GA_WaitingTime_Dominance,1.054000,0.049836940
GA_WaitingTime_Dominance,1.072000,0.049677292
GA_WaitingTime_Dominance,1.140000,0.049626646
GA_WaitingTime_Dominance,1.206000,0.049552024
GA_WaitingTime_Dominance,1.236000,0.049260341
GA_WaitingTime_Dominance,2.002000,0.049241957
GA_WaitingTime_Dominance,2.150000,0.049230404
GA_WaitingTime_Dominance,2.316000,0.048728029
GA_Energy_Dominance,1.646000,0.051998196
GA_Energy_Dominance,1.734000,0.050948990
GA_Energy_Dominance,1.828000,0.050800245
GA_Energy_Dominance,1.868000,0.050046103
GA_Energy_Dominance,1.954000,0.048507166
GA_Energy_Dominance,2.014000,0.048101814
GA_Energy_Dominance,2.070000,0.046896374
GA_Energy_Dominance,2.248000,0.046818661
GA_Energy_Dominance,2.410000,0.046804346
GA_Energy_Dominance,2.514000,0.046750342
GA_Energy_Dominance,2.602000,0.046505493
GA_Energy_Dominance,2.676000,0.046069135
GA_Energy_Dominance,2.682000,0.045663909
GA_Energy_Dominance,2.778000,0.045020045
GA_Energy_Dominance,2.822000,0.045009896
GA_Energy_Dominance,2.860000,0.043816924
GA_Energy_Dominance,2.946000,0.042387875
GA_Energy_Dominance,2.986000,0.041683669
GA_Energy_Dominance,3.120000,0.041604280
GA_Energy_Dominance,3.130000,0.040832161
GA_Energy_Dominance,3.158000,0.040633587
GA_Energy_Dominance,3.212000,0.040592048
GA_Energy_Dominance,3.298000,0.040385878
GA_Energy_Dominance,3.306000,0.040358774
GA_Energy_Dominance,3.326000,0.040203640
GA_Energy_Dominance,3.346000,0.040072986
GA_Energy_Dominance,3.368000,0.039889497
GA_Energy_Dominance,3.386000,0.038986260
GA_Energy_Dominance,3.390000,0.038547682
GA_Energy_Dominance,3.678000,0.037982897
GA_Energy_Dominance,3.938000,0.037743390
GA_Energy_Dominance,4.044000,0.037622523
GA_Energy_Dominance,4.068000,0.037534982
GA_Energy_Dominance,4.148000,0.037455344
GA_Energy_Dominance,4.170000,0.036486843
GA_Energy_Dominance,4.480000,0.036334067
GA_Energy_Dominance,4.492000,0.036303873
GA_Energy_Dominance,4.584000,0.036004018
GA_Energy_Dominance,4.808000,0.035857110
GA_Energy_Dominance,4.964000,0.035764240
GA_Energy_Dominance,5.050000,0.035725588
GA_Energy_Dominance,5.114000,0.035711621
GA_Energy_Dominance,5.142000,0.035572957
GA_Energy_Dominance,5.302000,0.035563083
GA_Energy_Dominance,5.318000,0.035469535
GA_Energy_Dominance,5.612000,0.035376987
GA_Energy_Dominance,5.776000,0.035350721
GA_Energy_Dominance,5.876000,0.035248264
GA_Energy_Dominance,6.216000,0.035181960
GA_Energy_Dominance,10.816000,0.034829757
GA_Energy_Dominance,11.222000,0.034824906
GA_Energy_Dominance,11.466000,0.034608826
GA_Energy_Dominance,11.958000,0.034565559
GA_Energy_Dominance,12.178000,0.034447732
GA_Energy_Dominance,12.530000,0.034420632
GA_Energy_Dominance,12.562000,0.034375351
GA_Energy_Dominance,12.666000,0.034333699
GA_Energy_Dominance,12.792000,0.034296026
GA_Energy_Dominance,12.884000,0.034124019
GA_Energy_Dominance,13.430000,0.034106364
GA_Energy_Dominance,13.742000,0.034096072
GA_Energy_Dominance,13.890000,0.034094163
GA_Energy_Dominance,13.976000,0.034063849
GA_Energy_Dominance,14.068000,0.034058895
GA_Energy_Dominance,14.136000,0.033999406
GA_Energy_Dominance,14.868000,0.033980191
GA_Energy_Dominance,14.994000,0.033971455
GA_Energy_Dominance,15.596000,0.033959754
GA_Energy_Dominance,15.662000,0.033935443
SA_WaitingTime_Dominance,0.878000,0.051860282
SA_WaitingTime_Dominance,0.880000,0.051436209
SA_WaitingTime_Dominance,0.882000,0.051063198
SA_WaitingTime_Dominance,0.892000,0.051060586
SA_WaitingTime_Dominance,0.894000,0.050703352
SA_WaitingTime_Dominance,0.896000,0.050600687
SA_WaitingTime_Dominance,0.898000,0.050130100
SA_WaitingTime_Dominance,0.948000,0.049732711
SA_WaitingTime_Dominance,0.950000,0.049697620
SA_WaitingTime_Dominance,0.952000,0.049671979
SA_WaitingTime_Dominance,0.954000,0.049482412
SA_WaitingTime_Dominance,1.086000,0.049445717
SA_WaitingTime_Dominance,1.088000,0.049126076
SA_Energy_Dominance,1.828000,0.049250265
SA_Energy_Dominance,1.838000,0.049235636
SA_Energy_Dominance,1.890000,0.048882499
SA_Energy_Dominance,1.950000,0.047270309
SA_Energy_Dominance,1.978000,0.046705734
SA_Energy_Dominance,2.014000,0.046675059
SA_Energy_Dominance,2.020000,0.046669502
SA_Energy_Dominance,2.074000,0.046654951
SA_Energy_Dominance,2.088000,0.046270018
SA_Energy_Dominance,2.090000,0.045585426
SA_Energy_Dominance,2.112000,0.045564373
SA_Energy_Dominance,2.116000,0.045563376
SA_Energy_Dominance,2.120000,0.045525970
SA_Energy_Dominance,2.182000,0.045516440
SA_Energy_Dominance,2.186000,0.045492563
SA_Energy_Dominance,2.188000,0.045489738
SA_Energy_Dominance,2.190000,0.045457980
SA_Energy_Dominance,2.192000,0.045455278
SA_Energy_Dominance,2.218000,0.045452454
SA_Energy_Dominance,2.270000,0.045431217
SA_Energy_Dominance,2.276000,0.045431217
SA_Energy_Dominance,2.288000,0.045402654
SA_Energy_Dominance,2.294000,0.045246333
SA_Energy_Dominance,2.320000,0.045234232
SA_Energy_Dominance,2.324000,0.043986044
SA_Energy_Dominance,2.372000,0.043974176
SA_Energy_Dominance,2.378000,0.043966849
SA_Energy_Dominance,2.382000,0.043935309
SA_Energy_Dominance,2.390000,0.043932485
SA_Energy_Dominance,2.392000,0.043929783
SA_Energy_Dominance,2.400000,0.043913257
SA_Energy_Dominance,2.402000,0.043887932
SA_Energy_Dominance,2.410000,0.043851615
SA_Energy_Dominance,2.424000,0.043824418
SA_Energy_Dominance,2.438000,0.043820254
SA_Energy_Dominance,2.452000,0.043808887
SA_Energy_Dominance,2.484000,0.043788732
SA_Energy_Dominance,2.528000,0.043781430
SA_Energy_Dominance,2.538000,0.043769615
SA_Energy_Dominance,2.558000,0.043725554
SA_Energy_Dominance,2.566000,0.043445756
SA_Energy_Dominance,2.568000,0.043350360
SA_Energy_Dominance,2.594000,0.043296478
SA_Energy_Dominance,2.610000,0.043293654
SA_Energy_Dominance,2.614000,0.043047574
SA_Energy_Dominance,2.622000,0.043004918
SA_Energy_Dominance,2.624000,0.042992992
SA_Energy_Dominance,2.634000,0.042990290
SA_Energy_Dominance,2.640000,0.042987465
SA_Energy_Dominance,2.656000,0.042984610
SA_Energy_Dominance,2.662000,0.042981908
SA_Energy_Dominance,2.670000,0.042979083
SA_Energy_Dominance,2.692000,0.042877470
SA_Energy_Dominance,2.694000,0.042867988
SA_Energy_Dominance,2.698000,0.042862179
SA_Energy_Dominance,2.714000,0.042850813
SA_Energy_Dominance,2.762000,0.042826936
SA_Energy_Dominance,2.798000,0.042823759
SA_Energy_Dominance,2.924000,0.042794757
SA_Energy_Dominance,2.930000,0.042757350
SA_Energy_Dominance,2.970000,0.042687072
SA_Energy_Dominance,2.976000,0.042325438
SA_Energy_Dominance,3.012000,0.042208008
SA_Energy_Dominance,3.020000,0.041708244
SA_Energy_Dominance,3.032000,0.041606742
SA_Energy_Dominance,3.054000,0.041583280
SA_Energy_Dominance,3.092000,0.041569001
SA_Energy_Dominance,3.112000,0.041492969
SA_Energy_Dominance,3.134000,0.041435182
SA_Energy_Dominance,3.146000,0.041418707
SA_Energy_Dominance,3.154000,0.041392667
SA_Energy_Dominance,3.156000,0.041381300
SA_Energy_Dominance,3.202000,0.041381018
SA_Energy_Dominance,3.208000,0.041373080
SA_Energy_Dominance,3.222000,0.041335674
SA_Energy_Dominance,3.230000,0.041332849
SA_Energy_Dominance,3.314000,0.041282008
SA_Energy_Dominance,3.320000,0.041273303
SA_Energy_Dominance,3.348000,0.041064539
SA_Energy_Dominance,3.364000,0.041060724
SA_Energy_Dominance,3.366000,0.041034620
SA_Energy_Dominance,3.372000,0.040994450
SA_Energy_Dominance,3.398000,0.040988641
SA_Energy_Dominance,3.424000,0.040957170
SA_Energy_Dominance,3.426000,0.040948686
SA_Energy_Dominance,3.430000,0.040944870
SA_Energy_Dominance,3.434000,0.040590905
SA_Energy_Dominance,3.446000,0.040584762
SA_Energy_Dominance,3.452000,0.040566534
SA_Energy_Dominance,3.460000,0.040563709
SA_Energy_Dominance,3.482000,0.040547294
SA_Energy_Dominance,3.494000,0.040541768
SA_Energy_Dominance,3.518000,0.040541768
SA_Energy_Dominance,3.572000,0.040533105
SA_Energy_Dominance,3.582000,0.040527108
SA_Energy_Dominance,3.588000,0.040519764
SA_Energy_Dominance,3.594000,0.040149875
SA_Energy_Dominance,3.604000,0.040123997
SA_Energy_Dominance,3.618000,0.040123956
SA_Energy_Dominance,3.636000,0.040112589
SA_Energy_Dominance,3.650000,0.040046020
SA_Energy_Dominance,3.656000,0.040016881
SA_Energy_Dominance,3.664000,0.040008340
SA_Energy_Dominance,3.674000,0.040005515
SA_Energy_Dominance,3.700000,0.039949407
SA_Energy_Dominance,3.724000,0.039921136
SA_Energy_Dominance,3.742000,0.039915327
SA_Energy_Dominance,3.746000,0.039857482
SA_Energy_Dominance,3.772000,0.039847443
SA_Energy_Dominance,3.784000,0.039838901
SA_Energy_Dominance,3.790000,0.039836077
SA_Energy_Dominance,3.824000,0.039466837
SA_Energy_Dominance,3.880000,0.039353843
SA_Energy_Dominance,3.884000,0.039257238
SA_Energy_Dominance,3.900000,0.038964443
SA_Energy_Dominance,3.916000,0.038926040
SA_Energy_Dominance,3.944000,0.038926040
SA_Energy_Dominance,4.008000,0.038923215
SA_Energy_Dominance,4.010000,0.038915402
SA_Energy_Dominance,4.014000,0.038909875
SA_Energy_Dominance,4.054000,0.038884898
SA_Energy_Dominance,4.064000,0.038879058
SA_Energy_Dominance,4.070000,0.038876356
SA_Energy_Dominance,4.076000,0.038873531
SA_Energy_Dominance,4.102000,0.038846335
SA_Energy_Dominance,4.104000,0.038677699
SA_Energy_Dominance,4.124000,0.038672172
SA_Energy_Dominance,4.150000,0.038652050
SA_Energy_Dominance,4.168000,0.038640594
SA_Energy_Dominance,4.170000,0.038622131
SA_Energy_Dominance,4.188000,0.038612367
SA_Energy_Dominance,4.194000,0.038600959
SA_Energy_Dominance,4.214000,0.038595432
SA_Energy_Dominance,4.270000,0.038563270
SA_Energy_Dominance,4.280000,0.038557461
SA_Energy_Dominance,4.294000,0.038556901
SA_Energy_Dominance,4.298000,0.038545598
SA_Energy_Dominance,4.300000,0.038540547
SA_Energy_Dominance,4.318000,0.038519494
SA_Energy_Dominance,4.338000,0.038519212
SA_Energy_Dominance,4.354000,0.038517258
SA_Energy_Dominance,4.356000,0.038513685
SA_Energy_Dominance,4.362000,0.038512464
SA_Energy_Dominance,4.366000,0.038511413
SA_Energy_Dominance,4.376000,0.038450741
SA_Energy_Dominance,4.396000,0.038161839
SA_Energy_Dominance,4.398000,0.038146307
SA_Energy_Dominance,4.400000,0.038110081
SA_Energy_Dominance,4.410000,0.038034834
SA_Energy_Dominance,4.412000,0.037928195
SA_Energy_Dominance,4.436000,0.037926798
SA_Energy_Dominance,4.438000,0.037920958
SA_Energy_Dominance,4.448000,0.037915432
SA_Energy_Dominance,4.452000,0.037905745
SA_Energy_Dominance,4.458000,0.037899906
SA_Energy_Dominance,4.468000,0.037826155
SA_Energy_Dominance,4.512000,0.037826113
SA_Energy_Dominance,4.514000,0.037820273
SA_Energy_Dominance,4.520000,0.037814747
SA_Energy_Dominance,4.532000,0.037814464
SA_Energy_Dominance,4.538000,0.037804285
SA_Energy_Dominance,4.542000,0.037784835
SA_Energy_Dominance,4.550000,0.037600699
SA_Energy_Dominance,4.556000,0.037586730
SA_Energy_Dominance,4.558000,0.037228624
SA_Energy_Dominance,4.562000,0.037208747
SA_Energy_Dominance,4.564000,0.037197444
SA_Energy_Dominance,4.566000,0.037182706
SA_Energy_Dominance,4.570000,0.037176867
SA_Energy_Dominance,4.582000,0.037171340
SA_Energy_Dominance,4.590000,0.037167416
SA_Energy_Dominance,4.594000,0.037148299
SA_Energy_Dominance,4.598000,0.037142459
SA_Energy_Dominance,4.616000,0.037136932
SA_Energy_Dominance,4.632000,0.037116971
SA_Energy_Dominance,4.636000,0.037105227
SA_Energy_Dominance,4.644000,0.037090408
SA_Energy_Dominance,4.648000,0.037090366
SA_Energy_Dominance,4.650000,0.037084526
SA_Energy_Dominance,4.664000,0.037069666
SA_Energy_Dominance,4.666000,0.037063826
SA_Energy_Dominance,4.680000,0.037058258
SA_Energy_Dominance,4.682000,0.037052418
SA_Energy_Dominance,4.696000,0.037044917
SA_Energy_Dominance,4.700000,0.037039077
SA_Energy_Dominance,4.718000,0.037033551
SA_Energy_Dominance,4.730000,0.037020614
SA_Energy_Dominance,4.744000,0.037014675
SA_Energy_Dominance,4.746000,0.036747443
SA_Energy_Dominance,4.750000,0.036723051
SA_Energy_Dominance,4.770000,0.036717524
SA_Energy_Dominance,4.794000,0.036673102
SA_Energy_Dominance,4.798000,0.036640657
SA_Energy_Dominance,4.820000,0.036635131
SA_Energy_Dominance,4.832000,0.036615622
SA_Energy_Dominance,4.834000,0.036608567
SA_Energy_Dominance,4.850000,0.036602686
SA_Energy_Dominance,4.872000,0.036597159
SA_Energy_Dominance,5.048000,0.036355932
SA_Energy_Dominance,5.340000,0.036137475
SA_Energy_Dominance,5.364000,0.036136401
SA_Energy_Dominance,5.370000,0.036097853
SA_Energy_Dominance,5.416000,0.036090141
SA_Energy_Dominance,5.440000,0.036088167
SA_Energy_Dominance,5.444000,0.036082609
SA_Energy_Dominance,5.448000,0.036076800
SA_Energy_Dominance,5.452000,0.036050291
SA_Energy_Dominance,5.496000,0.035784405
SA_Energy_Dominance,5.498000,0.035533386
SA_Energy_Dominance,5.500000,0.035423557
SA_Energy_Dominance,5.504000,0.035416461
SA_Energy_Dominance,5.506000,0.035410621
SA_Energy_Dominance,5.508000,0.035407919
SA_Energy_Dominance,5.534000,0.035405094
SA_Energy_Dominance,5.594000,0.035359029
SA_Energy_Dominance,5.610000,0.035353419
SA_Energy_Dominance,5.640000,0.035343498
SA_Energy_Dominance,5.644000,0.035323534
SA_Energy_Dominance,5.646000,0.035317035
SA_Energy_Dominance,5.652000,0.035307271
SA_Energy_Dominance,5.678000,0.035304569
SA_Energy_Dominance,5.688000,0.035301745
SA_Energy_Dominance,6.356000,0.035139779
SA_Energy_Dominance,6.532000,0.034976284
SA_Energy_Dominance,6.562000,0.034892489
SA_Energy_Dominance,6.626000,0.034878899
SA_Energy_Dominance,6.658000,0.034873372
SA_Energy_Dominance,6.696000,0.034848350
SA_Energy_Dominance,6.814000,0.034810943
SA_Energy_Dominance,6.824000,0.034800383
SA_Energy_Dominance,6.932000,0.034797602
SA_Energy_Dominance,7.018000,0.033910405
SA_Energy_Dominance,7.162000,0.033863921
SA_Energy_Dominance,7.320000,0.033863184
SA_Energy_Dominance,7.330000,0.033861249
SA_Energy_Dominance,7.374000,0.033847658
SA_Energy_Dominance,7.378000,0.033844956
SA_Energy_Dominance,7.412000,0.033842131
SA_Energy_Dominance,8.886000,0.033810726
SA_Energy_Dominance,8.902000,0.033685762
SA_Energy_Dominance,8.908000,0.033593597
SA_Energy_Dominance,8.926000,0.033535554
SA_Energy_Dominance,9.166000,0.033530438
SA_Energy_Dominance,9.224000,0.033500477
SA_Energy_Dominance,9.262000,0.033500477
SA_Energy_Dominance,9.296000,0.033489069
SA_Energy_Dominance,9.418000,0.033487980
SA_Energy_Dominance,9.464000,0.033478646
SA_Energy_Dominance,9.530000,0.033472807
SA_Energy_Dominance,9.538000,0.033470104
SA_Energy_Dominance,9.568000,0.033467280
NSGA-II,0.986000,0.050462305
NSGA-II,1.036000,0.050450013
NSGA-II,1.046000,0.050292798
NSGA-II,1.084000,0.049802736
NSGA-II,1.104000,0.048994786
NSGA-II,1.108000,0.047472307
NSGA-II,1.126000,0.047434830
NSGA-II,1.138000,0.046915457
NSGA-II,1.140000,0.046730968
NSGA-II,1.150000,0.046650501
NSGA-II,1.154000,0.046233843
NSGA-II,1.176000,0.045864098
NSGA-II,1.184000,0.045800089
NSGA-II,1.192000,0.045737395
NSGA-II,1.198000,0.045599503
NSGA-II,1.218000,0.045577472
NSGA-II,1.220000,0.045439497
NSGA-II,1.234000,0.045004264
NSGA-II,1.266000,0.044855424
NSGA-II,1.288000,0.044807778
NSGA-II,1.298000,0.044488821
NSGA-II,1.318000,0.043922560
NSGA-II,1.328000,0.043915955
NSGA-II,1.334000,0.043326870
NSGA-II,1.418000,0.043323227
NSGA-II,1.430000,0.043268353
NSGA-II,1.432000,0.043246849
NSGA-II,1.436000,0.043149475
NSGA-II,1.452000,0.042676911
NSGA-II,1.492000,0.042627119
NSGA-II,1.528000,0.042367408
NSGA-II,1.554000,0.041888666
NSGA-II,1.622000,0.041220923
NSGA-II,1.682000,0.041069227
NSGA-II,1.868000,0.040676608
NSGA-II,1.938000,0.040662786
NSGA-II,1.966000,0.040568061
NSGA-II,2.004000,0.040102560
NSGA-II,2.036000,0.040029715
NSGA-II,2.082000,0.040028095
NSGA-II,2.150000,0.039836503
NSGA-II,2.162000,0.039665317
NSGA-II,2.260000,0.039498867
NSGA-II,2.386000,0.039491205
NSGA-II,2.424000,0.039016608
NSGA-II,2.702000,0.038956795
NSGA-II,3.028000,0.038912367
NSGA-II,3.114000,0.038804376
NSGA-II,3.188000,0.038630358
SPEA-II,0.986000,0.050462305
SPEA-II,1.002000,0.050456292
SPEA-II,1.018000,0.049966152
SPEA-II,1.044000,0.049530769
SPEA-II,1.070000,0.048810874
SPEA-II,1.082000,0.048789635
SPEA-II,1.088000,0.047554904
SPEA-II,1.094000,0.047168418
SPEA-II,1.136000,0.047127453
SPEA-II,1.142000,0.046112558
SPEA-II,1.200000,0.045111582
SPEA-II,1.240000,0.044564469
SPEA-II,1.288000,0.044018367
SPEA-II,1.340000,0.043658483
SPEA-II,1.382000,0.043185816
SPEA-II,1.416000,0.043137898
SPEA-II,1.420000,0.042967004
SPEA-II,1.458000,0.042944264
SPEA-II,1.490000,0.042814374
SPEA-II,1.536000,0.042546236
SPEA-II,1.572000,0.042533260
SPEA-II,1.574000,0.042301611
SPEA-II,1.606000,0.041782973
SPEA-II,1.666000,0.041301796
SPEA-II,1.778000,0.041223146
SPEA-II,1.814000,0.041132135
SPEA-II,1.828000,0.041096658
SPEA-II,1.830000,0.040863200
SPEA-II,1.882000,0.040541302
SPEA-II,1.964000,0.040526503
SPEA-II,2.010000,0.040488676
SPEA-II,2.190000,0.040448897
SPEA-II,2.208000,0.040407292
SPEA-II,2.294000,0.040057351
SPEA-II,2.302000,0.039857803
SPEA-II,2.372000,0.039803794
SPEA-II,2.530000,0.039704139
SPEA-II,2.568000,0.039686280
SPEA-II,2.630000,0.039675706
SPEA-II,2.668000,0.039516613
SPEA-II,2.684000,0.039383821
SPEA-II,2.690000,0.039113071
SPEA-II,2.934000,0.039010413
SPEA-II,3.076000,0.038945925
SPEA-II,3.220000,0.038877440
SPEA-II,4.584000,0.038827699
SPEA-II,9.328000,0.038624884
SPEA-II,9.568000,0.038536090
AMOSA,0.984000,0.050408467
AMOSA,0.994000,0.050393081
AMOSA,0.998000,0.050369202
AMOSA,1.004000,0.050227278
AMOSA,1.012000,0.050195454
AMOSA,1.016000,0.050106839
AMOSA,1.026000,0.050076486
AMOSA,1.064000,0.049878038
AMOSA,1.140000,0.049818668
AMOSA,1.222000,0.049640219
AMOSA,1.274000,0.049423759
AMOSA,1.304000,0.049188189
AMOSA,1.602000,0.049030177
AMOSA,1.618000,0.048721011
AMOSA,1.714000,0.048703275
AMOSA,1.830000,0.048592982
AMOSA,1.844000,0.048564656
AMOSA,1.876000,0.047871914
AMOSA,2.438000,0.047618080
AMOSA,2.456000,0.047018158
AMOSA,2.572000,0.046891002
AMOSA,2.628000,0.046636533
AMOSA,2.910000,0.046419578
AMOSA,3.330000,0.046245493
AMOSA,3.382000,0.046024525
AMOSA,3.522000,0.045938637
AMOSA,3.624000,0.045814546
AMOSA,3.736000,0.045686845
AMOSA,3.782000,0.045614794
AMOSA,3.820000,0.045529777
AMOSA,3.932000,0.045435410
AMOSA,3.968000,0.045358292
AMOSA,4.070000,0.044652354
AMOSA,4.132000,0.044531233
AMOSA,4.258000,0.044265350
AMOSA,4.298000,0.044191896
AMOSA,4.312000,0.043921078
AMOSA,4.432000,0.043899463
AMOSA,4.446000,0.043689451
AMOSA,4.574000,0.043439222
AMOSA,4.634000,0.043314812
AMOSA,4.698000,0.043073715
AMOSA,4.726000,0.043041138
AMOSA,4.780000,0.042922704
AMOSA,4.804000,0.042600398
AMOSA,4.850000,0.042439812
AMOSA,4.860000,0.042357943
AMOSA,4.886000,0.042040249
GA_WaitingTime_Dominance_PC90,0.986000,0.050462305
GA_WaitingTime_Dominance_PC90,1.014000,0.049936343
GA_WaitingTime_Dominance_PC90,1.054000,0.049836940
GA_WaitingTime_Dominance_PC90,1.072000,0.049677292
GA_WaitingTime_Dominance_PC90,1.140000,0.049626646
GA_WaitingTime_Dominance_PC90,1.206000,0.049552024
GA_WaitingTime_Dominance_PC90,1.236000,0.049260341
GA_WaitingTime_Dominance_PC90,2.002000,0.049241957
GA_WaitingTime_Dominance_PC90,2.150000,0.049230404
GA_WaitingTime_Dominance_PC90,2.316000,0.048728029
GA_Energy_Dominance_PC90,1.646000,0.051998196
GA_Energy_Dominance_PC90,1.734000,0.050948990
GA_Energy_Dominance_PC90,1.828000,0.050800245
GA_Energy_Dominance_PC90,1.868000,0.050046103
GA_Energy_Dominance_PC90,1.954000,0.048507166
GA_Energy_Dominance_PC90,2.014000,0.048101814
GA_Energy_Dominance_PC90,2.070000,0.046896374
GA_Energy_Dominance_PC90,2.248000,0.046818661
GA_Energy_Dominance_PC90,2.410000,0.046804346
GA_Energy_Dominance_PC90,2.514000,0.046750342
GA_Energy_Dominance_PC90,2.602000,0.046505493
GA_Energy_Dominance_PC90,2.676000,0.046069135
GA_Energy_Dominance_PC90,2.682000,0.045663909
GA_Energy_Dominance_PC90,2.778000,0.045020045
GA_Energy_Dominance_PC90,2.822000,0.045009896
GA_Energy_Dominance_PC90,2.860000,0.043816924
GA_Energy_Dominance_PC90,2.946000,0.042387875
GA_Energy_Dominance_PC90,2.986000,0.041683669
GA_Energy_Dominance_PC90,3.120000,0.041604280
GA_Energy_Dominance_PC90,3.130000,0.040832161
GA_Energy_Dominance_PC90,3.158000,0.040633587
GA_Energy_Dominance_PC90,3.212000,0.040592048
GA_Energy_Dominance_PC90,3.298000,0.040385878
GA_Energy_Dominance_PC90,3.306000,0.040358774
GA_Energy_Dominance_PC90,3.326000,0.040203640
GA_Energy_Dominance_PC90,3.346000,0.040072986
GA_Energy_Dominance_PC90,3.368000,0.039889497
GA_Energy_Dominance_PC90,3.386000,0.038986260
GA_Energy_Dominance_PC90,3.390000,0.038547682
GA_Energy_Dominance_PC90,3.678000,0.037982897
GA_Energy_Dominance_PC90,3.938000,0.037743390
GA_Energy_Dominance_PC90,4.044000,0.037622523
GA_Energy_Dominance_PC90,4.068000,0.037534982
GA_Energy_Dominance_PC90,4.148000,0.037455344
GA_Energy_Dominance_PC90,4.170000,0.036486843
GA_Energy_Dominance_PC90,4.480000,0.036334067
GA_Energy_Dominance_PC90,4.492000,0.036303873
GA_Energy_Dominance_PC90,4.584000,0.036004018
GA_Energy_Dominance_PC90,4.808000,0.035857110
GA_Energy_Dominance_PC90,4.964000,0.035764240
GA_Energy_Dominance_PC90,5.050000,0.035725588
GA_Energy_Dominance_PC90,5.114000,0.035711621
GA_Energy_Dominance_PC90,5.142000,0.035572957
GA_Energy_Dominance_PC90,5.302000,0.035563083
GA_Energy_Dominance_PC90,5.318000,0.035469535
GA_Energy_Dominance_PC90,5.612000,0.035376987
GA_Energy_Dominance_PC90,5.776000,0.035350721
GA_Energy_Dominance_PC90,5.876000,0.035248264
GA_Energy_Dominance_PC90,6.216000,0.035181960
GA_Energy_Dominance_PC90,10.816000,0.034829757
GA_Energy_Dominance_PC90,11.222000,0.034824906
GA_Energy_Dominance_PC90,11.466000,0.034608826
GA_Energy_Dominance_PC90,11.958000,0.034565559
GA_Energy_Dominance_PC90,12.178000,0.034447732
GA_Energy_Dominance_PC90,12.530000,0.034420632
GA_Energy_Dominance_PC90,12.562000,0.034375351
GA_Energy_Dominance_PC90,12.666000,0.034333699
GA_Energy_Dominance_PC90,12.792000,0.034296026
GA_Energy_Dominance_PC90,12.884000,0.034124019
GA_Energy_Dominance_PC90,13.430000,0.034106364
GA_Energy_Dominance_PC90,13.742000,0.034096072
GA_Energy_Dominance_PC90,13.890000,0.034094163
GA_Energy_Dominance_PC90,13.976000,0.034063849
GA_Energy_Dominance_PC90,14.068000,0.034058895
GA_Energy_Dominance_PC90,14.136000,0.033999406
GA_Energy_Dominance_PC90,14.868000,0.033980191
GA_Energy_Dominance_PC90,14.994000,0.033971455
GA_Energy_Dominance_PC90,15.596000,0.033959754
GA_Energy_Dominance_PC90,15.662000,0.033935443
SA_WaitingTime_Dominance_PC90,0.890000,0.053042030
SA_WaitingTime_Dominance_PC90,0.894000,0.051865234
SA_WaitingTime_Dominance_PC90,0.900000,0.051799473
SA_WaitingTime_Dominance_PC90,0.902000,0.051740747
SA_WaitingTime_Dominance_PC90,0.904000,0.051291939
SA_WaitingTime_Dominance_PC90,0.914000,0.050938403
SA_WaitingTime_Dominance_PC90,0.916000,0.050938163
SA_WaitingTime_Dominance_PC90,0.918000,0.050919049
SA_WaitingTime_Dominance_PC90,0.930000,0.050719563
SA_WaitingTime_Dominance_PC90,0.974000,0.050429844
SA_WaitingTime_Dominance_PC90,0.986000,0.050371860
SA_WaitingTime_Dominance_PC90,0.988000,0.050193693
SA_WaitingTime_Dominance_PC90,0.996000,0.050156275
SA_WaitingTime_Dominance_PC90,1.216000,0.050111528
SA_Energy_Dominance_PC90,1.828000,0.049250265
SA_Energy_Dominance_PC90,1.838000,0.049235636
SA_Energy_Dominance_PC90,1.890000,0.048882499
SA_Energy_Dominance_PC90,1.950000,0.047270309
SA_Energy_Dominance_PC90,1.978000,0.046705734
SA_Energy_Dominance_PC90,2.014000,0.046675059
SA_Energy_Dominance_PC90,2.020000,0.046669502
SA_Energy_Dominance_PC90,2.074000,0.046654951
SA_Energy_Dominance_PC90,2.088000,0.046270018
SA_Energy_Dominance_PC90,2.090000,0.045585426
SA_Energy_Dominance_PC90,2.112000,0.045564373
SA_Energy_Dominance_PC90,2.116000,0.045563376
SA_Energy_Dominance_PC90,2.120000,0.045525970
SA_Energy_Dominance_PC90,2.182000,0.045516440
SA_Energy_Dominance_PC90,2.186000,0.045492563
SA_Energy_Dominance_PC90,2.188000,0.045489738
SA_Energy_Dominance_PC90,2.190000,0.045457980
SA_Energy_Dominance_PC90,2.192000,0.045455278
SA_Energy_Dominance_PC90,2.218000,0.045452454
SA_Energy_Dominance_PC90,2.270000,0.045431217
SA_Energy_Dominance_PC90,2.276000,0.045431217
SA_Energy_Dominance_PC90,2.288000,0.045402654
SA_Energy_Dominance_PC90,2.294000,0.045246333
SA_Energy_Dominance_PC90,2.320000,0.045234232
SA_Energy_Dominance_PC90,2.324000,0.043986044
SA_Energy_Dominance_PC90,2.372000,0.043974176
SA_Energy_Dominance_PC90,2.378000,0.043966849
SA_Energy_Dominance_PC90,2.382000,0.043935309
SA_Energy_Dominance_PC90,2.390000,0.043932485
SA_Energy_Dominance_PC90,2.392000,0.043929783
SA_Energy_Dominance_PC90,2.400000,0.043913257
SA_Energy_Dominance_PC90,2.402000,0.043887932
SA_Energy_Dominance_PC90,2.410000,0.043851615
SA_Energy_Dominance_PC90,2.424000,0.043824418
SA_Energy_Dominance_PC90,2.438000,0.043820254
SA_Energy_Dominance_PC90,2.452000,0.043808887
SA_Energy_Dominance_PC90,2.484000,0.043788732
SA_Energy_Dominance_PC90,2.528000,0.043781430
SA_Energy_Dominance_PC90,2.538000,0.043769615
SA_Energy_Dominance_PC90,2.558000,0.043725554
SA_Energy_Dominance_PC90,2.566000,0.043445756
SA_Energy_Dominance_PC90,2.568000,0.043350360
SA_Energy_Dominance_PC90,2.594000,0.043296478
SA_Energy_Dominance_PC90,2.610000,0.043293654
SA_Energy_Dominance_PC90,2.614000,0.043047574
SA_Energy_Dominance_PC90,2.622000,0.043004918
SA_Energy_Dominance_PC90,2.624000,0.042992992
SA_Energy_Dominance_PC90,2.634000,0.042990290
SA_Energy_Dominance_PC90,2.640000,0.042987465
SA_Energy_Dominance_PC90,2.656000,0.042984610
SA_Energy_Dominance_PC90,2.662000,0.042981908
SA_Energy_Dominance_PC90,2.670000,0.042979083
SA_Energy_Dominance_PC90,2.692000,0.042877470
SA_Energy_Dominance_PC90,2.694000,0.042867988
SA_Energy_Dominance_PC90,2.698000,0.042862179
SA_Energy_Dominance_PC90,2.714000,0.042850813
SA_Energy_Dominance_PC90,2.762000,0.042826936
SA_Energy_Dominance_PC90,2.798000,0.042823759
SA_Energy_Dominance_PC90,2.924000,0.042794757
SA_Energy_Dominance_PC90,2.930000,0.042757350
SA_Energy_Dominance_PC90,2.970000,0.042687072
SA_Energy_Dominance_PC90,2.976000,0.042325438
SA_Energy_Dominance_PC90,3.012000,0.042208008
SA_Energy_Dominance_PC90,3.020000,0.041708244
SA_Energy_Dominance_PC90,3.032000,0.041606742
SA_Energy_Dominance_PC90,3.054000,0.041583280
SA_Energy_Dominance_PC90,3.092000,0.041569001
SA_Energy_Dominance_PC90,3.112000,0.041492969
SA_Energy_Dominance_PC90,3.134000,0.041435182
SA_Energy_Dominance_PC90,3.146000,0.041418707
SA_Energy_Dominance_PC90,3.154000,0.041392667
SA_Energy_Dominance_PC90,3.156000,0.041381300
SA_Energy_Dominance_PC90,3.202000,0.041381018
SA_Energy_Dominance_PC90,3.208000,0.041373080
SA_Energy_Dominance_PC90,3.222000,0.041335674
SA_Energy_Dominance_PC90,3.230000,0.041332849
SA_Energy_Dominance_PC90,3.314000,0.041282008
SA_Energy_Dominance_PC90,3.320000,0.041273303
SA_Energy_Dominance_PC90,3.348000,0.041064539
SA_Energy_Dominance_PC90,3.364000,0.041060724
SA_Energy_Dominance_PC90,3.366000,0.041034620
SA_Energy_Dominance_PC90,3.372000,0.040994450
SA_Energy_Dominance_PC90,3.398000,0.040988641
SA_Energy_Dominance_PC90,3.424000,0.040957170
SA_Energy_Dominance_PC90,3.426000,0.040948686
SA_Energy_Dominance_PC90,3.430000,0.040944870
SA_Energy_Dominance_PC90,3.434000,0.040590905
SA_Energy_Dominance_PC90,3.446000,0.040584762
SA_Energy_Dominance_PC90,3.452000,0.040566534
SA_Energy_Dominance_PC90,3.460000,0.040563709
SA_Energy_Dominance_PC90,3.482000,0.040547294
SA_Energy_Dominance_PC90,3.494000,0.040541768
SA_Energy_Dominance_PC90,3.518000,0.040541768
SA_Energy_Dominance_PC90,3.572000,0.040533105
SA_Energy_Dominance_PC90,3.582000,0.040527108
SA_Energy_Dominance_PC90,3.588000,0.040519764
SA_Energy_Dominance_PC90,3.594000,0.040149875
SA_Energy_Dominance_PC90,3.604000,0.040123997
SA_Energy_Dominance_PC90,3.618000,0.040123956
SA_Energy_Dominance_PC90,3.636000,0.040112589
SA_Energy_Dominance_PC90,3.650000,0.040046020
SA_Energy_Dominance_PC90,3.656000,0.040016881
SA_Energy_Dominance_PC90,3.664000,0.040008340
SA_Energy_Dominance_PC90,3.674000,0.040005515
SA_Energy_Dominance_PC90,3.700000,0.039949407
SA_Energy_Dominance_PC90,3.724000,0.039921136
SA_Energy_Dominance_PC90,3.742000,0.039915327
SA_Energy_Dominance_PC90,3.746000,0.039857482
SA_Energy_Dominance_PC90,3.772000,0.039847443
SA_Energy_Dominance_PC90,3.784000,0.039838901
SA_Energy_Dominance_PC90,3.790000,0.039836077
SA_Energy_Dominance_PC90,3.824000,0.039466837
SA_Energy_Dominance_PC90,3.880000,0.039353843
SA_Energy_Dominance_PC90,3.884000,0.039257238
SA_Energy_Dominance_PC90,3.900000,0.038964443
SA_Energy_Dominance_PC90,3.916000,0.038926040
SA_Energy_Dominance_PC90,3.944000,0.038926040
SA_Energy_Dominance_PC90,4.008000,0.038923215
SA_Energy_Dominance_PC90,4.010000,0.038915402
SA_Energy_Dominance_PC90,4.014000,0.038909875
SA_Energy_Dominance_PC90,4.054000,0.038884898
SA_Energy_Dominance_PC90,4.064000,0.038879058
SA_Energy_Dominance_PC90,4.070000,0.038876356
SA_Energy_Dominance_PC90,4.076000,0.038873531
SA_Energy_Dominance_PC90,4.102000,0.038846335
SA_Energy_Dominance_PC90,4.104000,0.038677699
SA_Energy_Dominance_PC90,4.124000,0.038672172
SA_Energy_Dominance_PC90,4.150000,0.038652050
SA_Energy_Dominance_PC90,4.168000,0.038640594
SA_Energy_Dominance_PC90,4.170000,0.038622131
SA_Energy_Dominance_PC90,4.188000,0.038612367
SA_Energy_Dominance_PC90,4.194000,0.038600959
SA_Energy_Dominance_PC90,4.214000,0.038595432
SA_Energy_Dominance_PC90,4.270000,0.038563270
SA_Energy_Dominance_PC90,4.280000,0.038557461
SA_Energy_Dominance_PC90,4.294000,0.038556901
SA_Energy_Dominance_PC90,4.298000,0.038545598
SA_Energy_Dominance_PC90,4.300000,0.038540547
SA_Energy_Dominance_PC90,4.318000,0.038519494
SA_Energy_Dominance_PC90,4.338000,0.038519212
SA_Energy_Dominance_PC90,4.354000,0.038517258
SA_Energy_Dominance_PC90,4.356000,0.038513685
SA_Energy_Dominance_PC90,4.362000,0.038512464
SA_Energy_Dominance_PC90,4.366000,0.038511413
SA_Energy_Dominance_PC90,4.376000,0.038450741
SA_Energy_Dominance_PC90,4.396000,0.038161839
SA_Energy_Dominance_PC90,4.398000,0.038146307
SA_Energy_Dominance_PC90,4.400000,0.038110081
SA_Energy_Dominance_PC90,4.410000,0.038034834
SA_Energy_Dominance_PC90,4.412000,0.037928195
SA_Energy_Dominance_PC90,4.436000,0.037926798
SA_Energy_Dominance_PC90,4.438000,0.037920958
SA_Energy_Dominance_PC90,4.448000,0.037915432
SA_Energy_Dominance_PC90,4.452000,0.037905745
SA_Energy_Dominance_PC90,4.458000,0.037899906
SA_Energy_Dominance_PC90,4.468000,0.037826155
SA_Energy_Dominance_PC90,4.512000,0.037826113
SA_Energy_Dominance_PC90,4.514000,0.037820273
SA_Energy_Dominance_PC90,4.520000,0.037814747
SA_Energy_Dominance_PC90,4.532000,0.037814464
SA_Energy_Dominance_PC90,4.538000,0.037804285
SA_Energy_Dominance_PC90,4.542000,0.037784835
SA_Energy_Dominance_PC90,4.550000,0.037600699
SA_Energy_Dominance_PC90,4.556000,0.037586730
SA_Energy_Dominance_PC90,4.558000,0.037228624
SA_Energy_Dominance_PC90,4.562000,0.037208747
SA_Energy_Dominance_PC90,4.564000,0.037197444
SA_Energy_Dominance_PC90,4.566000,0.037182706
SA_Energy_Dominance_PC90,4.570000,0.037176867
SA_Energy_Dominance_PC90,4.582000,0.037171340
SA_Energy_Dominance_PC90,4.590000,0.037167416
SA_Energy_Dominance_PC90,4.594000,0.037148299
SA_Energy_Dominance_PC90,4.598000,0.037142459
SA_Energy_Dominance_PC90,4.616000,0.037136932
SA_Energy_Dominance_PC90,4.632000,0.037116971
SA_Energy_Dominance_PC90,4.636000,0.037105227
SA_Energy_Dominance_PC90,4.644000,0.037090408
SA_Energy_Dominance_PC90,4.648000,0.037090366
SA_Energy_Dominance_PC90,4.650000,0.037084526
SA_Energy_Dominance_PC90,4.664000,0.037069666
SA_Energy_Dominance_PC90,4.666000,0.037063826
SA_Energy_Dominance_PC90,4.680000,0.037058258
SA_Energy_Dominance_PC90,4.682000,0.037052418
SA_Energy_Dominance_PC90,4.696000,0.037044917
SA_Energy_Dominance_PC90,4.700000,0.037039077
SA_Energy_Dominance_PC90,4.718000,0.037033551
SA_Energy_Dominance_PC90,4.730000,0.037020614
SA_Energy_Dominance_PC90,4.744000,0.037014675
SA_Energy_Dominance_PC90,4.746000,0.036747443
SA_Energy_Dominance_PC90,4.750000,0.036723051
SA_Energy_Dominance_PC90,4.770000,0.036717524
SA_Energy_Dominance_PC90,4.794000,0.036673102
SA_Energy_Dominance_PC90,4.798000,0.036640657
SA_Energy_Dominance_PC90,4.820000,0.036635131
SA_Energy_Dominance_PC90,4.832000,0.036615622
SA_Energy_Dominance_PC90,4.834000,0.036608567
SA_Energy_Dominance_PC90,4.850000,0.036602686
SA_Energy_Dominance_PC90,4.872000,0.036597159
SA_Energy_Dominance_PC90,5.048000,0.036355932
SA_Energy_Dominance_PC90,5.340000,0.036137475
SA_Energy_Dominance_PC90,5.364000,0.036136401
SA_Energy_Dominance_PC90,5.370000,0.036097853
SA_Energy_Dominance_PC90,5.416000,0.036090141
SA_Energy_Dominance_PC90,5.440000,0.036088167
SA_Energy_Dominance_PC90,5.444000,0.036082609
SA_Energy_Dominance_PC90,5.448000,0.036076800
SA_Energy_Dominance_PC90,5.452000,0.036050291
SA_Energy_Dominance_PC90,5.496000,0.035784405
SA_Energy_Dominance_PC90,5.498000,0.035533386
SA_Energy_Dominance_PC90,5.500000,0.035423557
SA_Energy_Dominance_PC90,5.504000,0.035416461
SA_Energy_Dominance_PC90,5.506000,0.035410621
SA_Energy_Dominance_PC90,5.508000,0.035407919
SA_Energy_Dominance_PC90,5.534000,0.035405094
SA_Energy_Dominance_PC90,5.594000,0.035359029
SA_Energy_Dominance_PC90,5.610000,0.035353419
SA_Energy_Dominance_PC90,5.640000,0.035343498
SA_Energy_Dominance_PC90,5.644000,0.035323534
SA_Energy_Dominance_PC90,5.646000,0.035317035
SA_Energy_Dominance_PC90,5.652000,0.035307271
SA_Energy_Dominance_PC90,5.678000,0.035304569
SA_Energy_Dominance_PC90,5.688000,0.035301745
SA_Energy_Dominance_PC90,6.356000,0.035139779
SA_Energy_Dominance_PC90,6.532000,0.034976284
SA_Energy_Dominance_PC90,6.562000,0.034892489
SA_Energy_Dominance_PC90,6.626000,0.034878899
SA_Energy_Dominance_PC90,6.658000,0.034873372
SA_Energy_Dominance_PC90,6.696000,0.034848350
SA_Energy_Dominance_PC90,6.814000,0.034810943
SA_Energy_Dominance_PC90,6.824000,0.034800383
SA_Energy_Dominance_PC90,6.932000,0.034797602
SA_Energy_Dominance_PC90,7.018000,0.033910405
SA_Energy_Dominance_PC90,7.162000,0.033863921
SA_Energy_Dominance_PC90,7.320000,0.033863184
SA_Energy_Dominance_PC90,7.330000,0.033861249
SA_Energy_Dominance_PC90,7.374000,0.033847658
SA_Energy_Dominance_PC90,7.378000,0.033844956
SA_Energy_Dominance_PC90,7.412000,0.033842131
SA_Energy_Dominance_PC90,8.886000,0.033810726
SA_Energy_Dominance_PC90,8.902000,0.033685762
SA_Energy_Dominance_PC90,8.908000,0.033593597
SA_Energy_Dominance_PC90,8.926000,0.033535554
SA_Energy_Dominance_PC90,9.166000,0.033530438
SA_Energy_Dominance_PC90,9.224000,0.033500477
SA_Energy_Dominance_PC90,9.262000,0.033500477
SA_Energy_Dominance_PC90,9.296000,0.033489069
SA_Energy_Dominance_PC90,9.418000,0.033487980
SA_Energy_Dominance_PC90,9.464000,0.033478646
SA_Energy_Dominance_PC90,9.530000,0.033472807
SA_Energy_Dominance_PC90,9.538000,0.033470104
SA_Energy_Dominance_PC90,9.568000,0.033467280
NSGA-II_PC90,0.986000,0.050462305
NSGA-II_PC90,1.010000,0.050398274
NSGA-II_PC90,1.042000,0.050371591
NSGA-II_PC90,1.068000,0.050365831
NSGA-II_PC90,1.074000,0.050285248
NSGA-II_PC90,1.082000,0.050072988
NSGA-II_PC90,1.090000,0.048818140
NSGA-II_PC90,1.094000,0.048740626
NSGA-II_PC90,1.130000,0.048339509
NSGA-II_PC90,1.142000,0.047241944
NSGA-II_PC90,1.154000,0.046853053
NSGA-II_PC90,1.182000,0.046350290
NSGA-II_PC90,1.190000,0.046297264
NSGA-II_PC90,1.198000,0.046284587
NSGA-II_PC90,1.210000,0.045754259
NSGA-II_PC90,1.232000,0.045055005
NSGA-II_PC90,1.252000,0.044975170
NSGA-II_PC90,1.256000,0.044896315
NSGA-II_PC90,1.276000,0.044826273
NSGA-II_PC90,1.304000,0.044813764
NSGA-II_PC90,1.308000,0.044478280
NSGA-II_PC90,1.312000,0.044417114
NSGA-II_PC90,1.322000,0.044367233
NSGA-II_PC90,1.338000,0.044287511
NSGA-II_PC90,1.350000,0.043796702
NSGA-II_PC90,1.376000,0.043767226
NSGA-II_PC90,1.434000,0.043639260
NSGA-II_PC90,1.444000,0.043525845
NSGA-II_PC90,1.454000,0.043401733
NSGA-II_PC90,1.460000,0.043323207
NSGA-II_PC90,1.480000,0.043162780
NSGA-II_PC90,1.544000,0.043030538
NSGA-II_PC90,1.560000,0.042857992
NSGA-II_PC90,1.578000,0.042845865
NSGA-II_PC90,1.600000,0.042822153
NSGA-II_PC90,1.604000,0.042235044
NSGA-II_PC90,1.618000,0.042210273
NSGA-II_PC90,1.640000,0.041913075
NSGA-II_PC90,1.648000,0.041858147
NSGA-II_PC90,1.686000,0.041855175
NSGA-II_PC90,1.704000,0.041363737
NSGA-II_PC90,1.780000,0.041252474
NSGA-II_PC90,1.814000,0.040875777
NSGA-II_PC90,1.906000,0.040720333
NSGA-II_PC90,1.956000,0.040581022
NSGA-II_PC90,2.012000,0.040553193
NSGA-II_PC90,2.050000,0.040526116
NSGA-II_PC90,2.074000,0.040389633
NSGA-II_PC90,2.096000,0.040188797
NSGA-II_PC90,2.134000,0.039503521
NSGA-II_PC90,2.222000,0.039417266
NSGA-II_PC90,2.258000,0.039318407
NSGA-II_PC90,2.326000,0.039223948
NSGA-II_PC90,2.386000,0.039217922
NSGA-II_PC90,2.454000,0.039193097
NSGA-II_PC90,2.504000,0.038938739
NSGA-II_PC90,2.668000,0.038914164
NSGA-II_PC90,2.676000,0.038886123
NSGA-II_PC90,2.678000,0.038622217
NSGA-II_PC90,2.806000,0.038599048
NSGA-II_PC90,2.906000,0.038597619
NSGA-II_PC90,2.996000,0.038597133
NSGA-II_PC90,3.010000,0.038594349
NSGA-II_PC90,3.048000,0.038540365
NSGA-II_PC90,3.794000,0.038460658
NSGA-II_PC90,3.906000,0.038376642
SPEA-II_PC90,0.986000,0.050462305
SPEA-II_PC90,1.018000,0.050358527
SPEA-II_PC90,1.042000,0.049622493
SPEA-II_PC90,1.060000,0.049594511
SPEA-II_PC90,1.062000,0.049486983
SPEA-II_PC90,1.066000,0.047204164
SPEA-II_PC90,1.118000,0.047194175
SPEA-II_PC90,1.146000,0.046720782
SPEA-II_PC90,1.174000,0.046397737
SPEA-II_PC90,1.184000,0.046334623
SPEA-II_PC90,1.186000,0.046327420
SPEA-II_PC90,1.190000,0.045697747
SPEA-II_PC90,1.246000,0.045659410
SPEA-II_PC90,1.266000,0.045643459
SPEA-II_PC90,1.270000,0.045556094
SPEA-II_PC90,1.274000,0.045431477
SPEA-II_PC90,1.280000,0.045405374
SPEA-II_PC90,1.284000,0.045310815
SPEA-II_PC90,1.290000,0.045289848
SPEA-II_PC90,1.302000,0.044969813
SPEA-II_PC90,1.308000,0.044752091
SPEA-II_PC90,1.330000,0.044423142
SPEA-II_PC90,1.342000,0.044206672
SPEA-II_PC90,1.356000,0.044054718
SPEA-II_PC90,1.386000,0.043385879
SPEA-II_PC90,1.388000,0.043333251
SPEA-II_PC90,1.434000,0.043278463
SPEA-II_PC90,1.436000,0.042857102
SPEA-II_PC90,1.518000,0.042545039
SPEA-II_PC90,1.540000,0.042464242
SPEA-II_PC90,1.578000,0.042325293
SPEA-II_PC90,1.584000,0.042199043
SPEA-II_PC90,1.590000,0.042103046
SPEA-II_PC90,1.618000,0.041905010
SPEA-II_PC90,1.644000,0.041750240
SPEA-II_PC90,1.670000,0.041738773
SPEA-II_PC90,1.700000,0.041597225
SPEA-II_PC90,1.736000,0.041358433
SPEA-II_PC90,1.742000,0.041282378
SPEA-II_PC90,1.832000,0.040695893
SPEA-II_PC90,1.856000,0.040310967
SPEA-II_PC90,1.948000,0.040269593
SPEA-II_PC90,1.986000,0.040145654
SPEA-II_PC90,2.070000,0.039424890
SPEA-II_PC90,2.474000,0.039413667
SPEA-II_PC90,2.488000,0.039319886
SPEA-II_PC90,2.496000,0.039219352
SPEA-II_PC90,2.642000,0.039067682
SPEA-II_PC90,2.786000,0.039054265
SPEA-II_PC90,3.004000,0.039050552
SPEA-II_PC90,3.020000,0.039001004
SPEA-II_PC90,3.432000,0.038807029
SPEA-II_PC90,3.582000,0.038703625
SPEA-II_PC90,3.810000,0.038606181
AMOSA_PC90,0.986000,0.050462305
AMOSA_PC90,0.988000,0.050370462
AMOSA_PC90,0.996000,0.050324263
AMOSA_PC90,1.002000,0.050215855
AMOSA_PC90,1.014000,0.050191383
AMOSA_PC90,1.026000,0.050116076
AMOSA_PC90,1.038000,0.049859309
AMOSA_PC90,1.178000,0.049805433
AMOSA_PC90,1.324000,0.049764429
AMOSA_PC90,1.430000,0.049523554
AMOSA_PC90,1.438000,0.049503567
AMOSA_PC90,1.600000,0.049365596
AMOSA_PC90,1.618000,0.048721011
AMOSA_PC90,1.760000,0.048510972
AMOSA_PC90,2.042000,0.047713172
AMOSA_PC90,3.240000,0.047378758
AMOSA_PC90,3.434000,0.047370861
AMOSA_PC90,3.482000,0.047237115
AMOSA_PC90,3.568000,0.047023226
AMOSA_PC90,3.858000,0.046973983
AMOSA_PC90,4.010000,0.046279773
AMOSA_PC90,4.222000,0.046111282
AMOSA_PC90,4.246000,0.046047265
AMOSA_PC90,4.282000,0.045892667
AMOSA_PC90,4.310000,0.045476054
AMOSA_PC90,4.420000,0.045147375
AMOSA_PC90,4.492000,0.043879211
AMOSA_PC90,4.642000,0.043639445
AMOSA_PC90,4.886000,0.042040249
GA_WaitingTime_Dominance_PC75,0.992000,0.053552842
GA_WaitingTime_Dominance_PC75,1.002000,0.050956377
GA_WaitingTime_Dominance_PC75,1.016000,0.050469519
GA_WaitingTime_Dominance_PC75,1.028000,0.050384503
GA_WaitingTime_Dominance_PC75,1.030000,0.050370116
GA_WaitingTime_Dominance_PC75,1.032000,0.050294886
GA_WaitingTime_Dominance_PC75,1.036000,0.050116427
GA_WaitingTime_Dominance_PC75,1.054000,0.049836940
GA_WaitingTime_Dominance_PC75,1.090000,0.049759055
GA_WaitingTime_Dominance_PC75,1.108000,0.049718996
GA_WaitingTime_Dominance_PC75,1.130000,0.049688590
GA_WaitingTime_Dominance_PC75,1.140000,0.049626646
GA_WaitingTime_Dominance_PC75,1.206000,0.049552024
GA_WaitingTime_Dominance_PC75,1.236000,0.049260341
GA_WaitingTime_Dominance_PC75,2.002000,0.049241957
GA_WaitingTime_Dominance_PC75,2.150000,0.049230404
GA_WaitingTime_Dominance_PC75,2.316000,0.048728029
GA_Energy_Dominance_PC75,1.646000,0.051998196
GA_Energy_Dominance_PC75,1.810000,0.051066860
GA_Energy_Dominance_PC75,1.868000,0.050046103
GA_Energy_Dominance_PC75,1.954000,0.048507166
GA_Energy_Dominance_PC75,2.014000,0.048101814
GA_Energy_Dominance_PC75,2.070000,0.046896374
GA_Energy_Dominance_PC75,2.248000,0.046818661
GA_Energy_Dominance_PC75,2.410000,0.046804346
GA_Energy_Dominance_PC75,2.514000,0.046750342
GA_Energy_Dominance_PC75,2.602000,0.046505493
GA_Energy_Dominance_PC75,2.676000,0.046069135
GA_Energy_Dominance_PC75,2.682000,0.045663909
GA_Energy_Dominance_PC75,2.778000,0.045020045
GA_Energy_Dominance_PC75,2.822000,0.045009896
GA_Energy_Dominance_PC75,2.860000,0.043816924
GA_Energy_Dominance_PC75,2.946000,0.042387875
GA_Energy_Dominance_PC75,2.986000,0.041683669
GA_Energy_Dominance_PC75,3.120000,0.041604280
GA_Energy_Dominance_PC75,3.130000,0.040832161
GA_Energy_Dominance_PC75,3.158000,0.040633587
GA_Energy_Dominance_PC75,3.212000,0.040592048
GA_Energy_Dominance_PC75,3.298000,0.040385878
GA_Energy_Dominance_PC75,3.306000,0.040358774
GA_Energy_Dominance_PC75,3.326000,0.040203640
GA_Energy_Dominance_PC75,3.346000,0.040072986
GA_Energy_Dominance_PC75,3.368000,0.039889497
GA_Energy_Dominance_PC75,3.386000,0.038986260
GA_Energy_Dominance_PC75,3.390000,0.038547682
GA_Energy_Dominance_PC75,3.678000,0.037982897
GA_Energy_Dominance_PC75,3.938000,0.037743390
GA_Energy_Dominance_PC75,4.044000,0.037622523
GA_Energy_Dominance_PC75,4.068000,0.037534982
GA_Energy_Dominance_PC75,4.148000,0.037455344
GA_Energy_Dominance_PC75,4.170000,0.036486843
GA_Energy_Dominance_PC75,4.480000,0.036334067
GA_Energy_Dominance_PC75,4.492000,0.036303873
GA_Energy_Dominance_PC75,4.584000,0.036004018
GA_Energy_Dominance_PC75,4.808000,0.035857110
GA_Energy_Dominance_PC75,4.964000,0.035764240
GA_Energy_Dominance_PC75,5.050000,0.035725588
GA_Energy_Dominance_PC75,5.114000,0.035711621
GA_Energy_Dominance_PC75,5.142000,0.035572957
GA_Energy_Dominance_PC75,5.302000,0.035563083
GA_Energy_Dominance_PC75,5.318000,0.035469535
GA_Energy_Dominance_PC75,5.612000,0.035376987
GA_Energy_Dominance_PC75,5.776000,0.035350721
GA_Energy_Dominance_PC75,5.876000,0.035248264
GA_Energy_Dominance_PC75,6.216000,0.035181960
GA_Energy_Dominance_PC75,10.816000,0.034829757
GA_Energy_Dominance_PC75,11.222000,0.034824906
GA_Energy_Dominance_PC75,11.466000,0.034608826
GA_Energy_Dominance_PC75,11.958000,0.034565559
GA_Energy_Dominance_PC75,12.178000,0.034447732
GA_Energy_Dominance_PC75,12.530000,0.034420632
GA_Energy_Dominance_PC75,12.562000,0.034375351
GA_Energy_Dominance_PC75,12.666000,0.034333699
GA_Energy_Dominance_PC75,12.792000,0.034296026
GA_Energy_Dominance_PC75,12.884000,0.034124019
GA_Energy_Dominance_PC75,13.430000,0.034106364
GA_Energy_Dominance_PC75,13.742000,0.034096072
GA_Energy_Dominance_PC75,13.890000,0.034094163
GA_Energy_Dominance_PC75,13.976000,0.034063849
GA_Energy_Dominance_PC75,14.068000,0.034058895
GA_Energy_Dominance_PC75,14.136000,0.033999406
GA_Energy_Dominance_PC75,14.868000,0.033980191
GA_Energy_Dominance_PC75,14.994000,0.033971455
GA_Energy_Dominance_PC75,15.596000,0.033959754
GA_Energy_Dominance_PC75,15.662000,0.033935443
SA_WaitingTime_Dominance_PC75,0.986000,0.050462305
SA_WaitingTime_Dominance_PC75,0.988000,0.050417085
SA_WaitingTime_Dominance_PC75,0.990000,0.050414704
SA_WaitingTime_Dominance_PC75,0.992000,0.050375102
SA_WaitingTime_Dominance_PC75,1.114000,0.050370858
SA_WaitingTime_Dominance_PC75,1.148000,0.050333451
SA_WaitingTime_Dominance_PC75,1.176000,0.050313822
SA_Energy_Dominance_PC75,1.890000,0.048882499
SA_Energy_Dominance_PC75,1.950000,0.047270309
SA_Energy_Dominance_PC75,1.978000,0.046705734
SA_Energy_Dominance_PC75,2.014000,0.046675059
SA_Energy_Dominance_PC75,2.020000,0.046669502
SA_Energy_Dominance_PC75,2.074000,0.046654951
SA_Energy_Dominance_PC75,2.090000,0.045585426
SA_Energy_Dominance_PC75,2.112000,0.045564373
SA_Energy_Dominance_PC75,2.116000,0.045563376
SA_Energy_Dominance_PC75,2.120000,0.045525970
SA_Energy_Dominance_PC75,2.182000,0.045516440
SA_Energy_Dominance_PC75,2.186000,0.045492563
SA_Energy_Dominance_PC75,2.188000,0.045489738
SA_Energy_Dominance_PC75,2.190000,0.045457980
SA_Energy_Dominance_PC75,2.192000,0.045455278
SA_Energy_Dominance_PC75,2.218000,0.045452454
SA_Energy_Dominance_PC75,2.270000,0.045431217
SA_Energy_Dominance_PC75,2.276000,0.045431217
SA_Energy_Dominance_PC75,2.288000,0.045402654
SA_Energy_Dominance_PC75,2.294000,0.045246333
SA_Energy_Dominance_PC75,2.320000,0.045234232
SA_Energy_Dominance_PC75,2.324000,0.043986044
SA_Energy_Dominance_PC75,2.372000,0.043974176
SA_Energy_Dominance_PC75,2.378000,0.043966849
SA_Energy_Dominance_PC75,2.382000,0.043935309
SA_Energy_Dominance_PC75,2.390000,0.043932485
SA_Energy_Dominance_PC75,2.392000,0.043929783
SA_Energy_Dominance_PC75,2.400000,0.043913257
SA_Energy_Dominance_PC75,2.402000,0.043887932
SA_Energy_Dominance_PC75,2.410000,0.043851615
SA_Energy_Dominance_PC75,2.424000,0.043824418
SA_Energy_Dominance_PC75,2.438000,0.043820254
SA_Energy_Dominance_PC75,2.452000,0.043808887
SA_Energy_Dominance_PC75,2.484000,0.043788732
SA_Energy_Dominance_PC75,2.528000,0.043781430
SA_Energy_Dominance_PC75,2.538000,0.043769615
SA_Energy_Dominance_PC75,2.558000,0.043725554
SA_Energy_Dominance_PC75,2.566000,0.043445756
SA_Energy_Dominance_PC75,2.568000,0.043350360
SA_Energy_Dominance_PC75,2.594000,0.043296478
SA_Energy_Dominance_PC75,2.610000,0.043293654
SA_Energy_Dominance_PC75,2.614000,0.043047574
SA_Energy_Dominance_PC75,2.622000,0.043004918
SA_Energy_Dominance_PC75,2.624000,0.042992992
SA_Energy_Dominance_PC75,2.634000,0.042990290
SA_Energy_Dominance_PC75,2.640000,0.042987465
SA_Energy_Dominance_PC75,2.656000,0.042984610
SA_Energy_Dominance_PC75,2.662000,0.042981908
SA_Energy_Dominance_PC75,2.670000,0.042979083
SA_Energy_Dominance_PC75,2.692000,0.042877470
SA_Energy_Dominance_PC75,2.694000,0.042867988
SA_Energy_Dominance_PC75,2.698000,0.042862179
SA_Energy_Dominance_PC75,2.714000,0.042850813
SA_Energy_Dominance_PC75,2.762000,0.042826936
SA_Energy_Dominance_PC75,2.798000,0.042823759
SA_Energy_Dominance_PC75,2.924000,0.042794757
SA_Energy_Dominance_PC75,2.930000,0.042757350
SA_Energy_Dominance_PC75,2.970000,0.042687072
SA_Energy_Dominance_PC75,2.976000,0.042325438
SA_Energy_Dominance_PC75,3.012000,0.042208008
SA_Energy_Dominance_PC75,3.020000,0.041708244
SA_Energy_Dominance_PC75,3.032000,0.041606742
SA_Energy_Dominance_PC75,3.054000,0.041583280
SA_Energy_Dominance_PC75,3.092000,0.041569001
SA_Energy_Dominance_PC75,3.112000,0.041492969
SA_Energy_Dominance_PC75,3.134000,0.041435182
SA_Energy_Dominance_PC75,3.146000,0.041418707
SA_Energy_Dominance_PC75,3.154000,0.041392667
SA_Energy_Dominance_PC75,3.156000,0.041381300
SA_Energy_Dominance_PC75,3.202000,0.041381018
SA_Energy_Dominance_PC75,3.208000,0.041373080
SA_Energy_Dominance_PC75,3.222000,0.041335674
SA_Energy_Dominance_PC75,3.230000,0.041332849
SA_Energy_Dominance_PC75,3.314000,0.041282008
SA_Energy_Dominance_PC75,3.320000,0.041273303
SA_Energy_Dominance_PC75,3.348000,0.041064539
SA_Energy_Dominance_PC75,3.364000,0.041060724
SA_Energy_Dominance_PC75,3.366000,0.041034620
SA_Energy_Dominance_PC75,3.372000,0.040994450
SA_Energy_Dominance_PC75,3.398000,0.040988641
SA_Energy_Dominance_PC75,3.424000,0.040957170
SA_Energy_Dominance_PC75,3.426000,0.040948686
SA_Energy_Dominance_PC75,3.430000,0.040944870
SA_Energy_Dominance_PC75,3.434000,0.040590905
SA_Energy_Dominance_PC75,3.446000,0.040584762
SA_Energy_Dominance_PC75,3.452000,0.040566534
SA_Energy_Dominance_PC75,3.460000,0.040563709
SA_Energy_Dominance_PC75,3.482000,0.040547294
SA_Energy_Dominance_PC75,3.494000,0.040541768
SA_Energy_Dominance_PC75,3.518000,0.040541768
SA_Energy_Dominance_PC75,3.572000,0.040533105
SA_Energy_Dominance_PC75,3.582000,0.040527108
SA_Energy_Dominance_PC75,3.588000,0.040519764
SA_Energy_Dominance_PC75,3.594000,0.040149875
SA_Energy_Dominance_PC75,3.604000,0.040123997
SA_Energy_Dominance_PC75,3.618000,0.040123956
SA_Energy_Dominance_PC75,3.636000,0.040112589
SA_Energy_Dominance_PC75,3.650000,0.040046020
SA_Energy_Dominance_PC75,3.656000,0.040016881
SA_Energy_Dominance_PC75,3.664000,0.040008340
SA_Energy_Dominance_PC75,3.674000,0.040005515
SA_Energy_Dominance_PC75,3.700000,0.039949407
SA_Energy_Dominance_PC75,3.724000,0.039921136
SA_Energy_Dominance_PC75,3.742000,0.039915327
SA_Energy_Dominance_PC75,3.746000,0.039857482
SA_Energy_Dominance_PC75,3.772000,0.039847443
SA_Energy_Dominance_PC75,3.784000,0.039838901
SA_Energy_Dominance_PC75,3.790000,0.039836077
SA_Energy_Dominance_PC75,3.824000,0.039466837
SA_Energy_Dominance_PC75,3.880000,0.039353843
SA_Energy_Dominance_PC75,3.884000,0.039257238
SA_Energy_Dominance_PC75,3.900000,0.038964443
SA_Energy_Dominance_PC75,3.916000,0.038926040
SA_Energy_Dominance_PC75,3.944000,0.038926040
SA_Energy_Dominance_PC75,4.008000,0.038923215
SA_Energy_Dominance_PC75,4.010000,0.038915402
SA_Energy_Dominance_PC75,4.014000,0.038909875
SA_Energy_Dominance_PC75,4.054000,0.038884898
SA_Energy_Dominance_PC75,4.064000,0.038879058
SA_Energy_Dominance_PC75,4.070000,0.038876356
SA_Energy_Dominance_PC75,4.076000,0.038873531
SA_Energy_Dominance_PC75,4.102000,0.038846335
SA_Energy_Dominance_PC75,4.104000,0.038677699
SA_Energy_Dominance_PC75,4.124000,0.038672172
SA_Energy_Dominance_PC75,4.150000,0.038652050
SA_Energy_Dominance_PC75,4.168000,0.038640594
SA_Energy_Dominance_PC75,4.170000,0.038622131
SA_Energy_Dominance_PC75,4.188000,0.038612367
SA_Energy_Dominance_PC75,4.194000,0.038600959
SA_Energy_Dominance_PC75,4.214000,0.038595432
SA_Energy_Dominance_PC75,4.270000,0.038563270
SA_Energy_Dominance_PC75,4.280000,0.038557461
SA_Energy_Dominance_PC75,4.294000,0.038556901
SA_Energy_Dominance_PC75,4.298000,0.038545598
SA_Energy_Dominance_PC75,4.300000,0.038540547
SA_Energy_Dominance_PC75,4.318000,0.038519494
SA_Energy_Dominance_PC75,4.338000,0.038519212
SA_Energy_Dominance_PC75,4.354000,0.038517258
SA_Energy_Dominance_PC75,4.356000,0.038513685
SA_Energy_Dominance_PC75,4.362000,0.038512464
SA_Energy_Dominance_PC75,4.366000,0.038511413
SA_Energy_Dominance_PC75,4.376000,0.038450741
SA_Energy_Dominance_PC75,4.396000,0.038161839
SA_Energy_Dominance_PC75,4.398000,0.038146307
SA_Energy_Dominance_PC75,4.400000,0.038110081
SA_Energy_Dominance_PC75,4.410000,0.038034834
SA_Energy_Dominance_PC75,4.412000,0.037928195
SA_Energy_Dominance_PC75,4.436000,0.037926798
SA_Energy_Dominance_PC75,4.438000,0.037920958
SA_Energy_Dominance_PC75,4.448000,0.037915432
SA_Energy_Dominance_PC75,4.452000,0.037905745
SA_Energy_Dominance_PC75,4.458000,0.037899906
SA_Energy_Dominance_PC75,4.468000,0.037826155
SA_Energy_Dominance_PC75,4.512000,0.037826113
SA_Energy_Dominance_PC75,4.514000,0.037820273
SA_Energy_Dominance_PC75,4.520000,0.037814747
SA_Energy_Dominance_PC75,4.532000,0.037814464
SA_Energy_Dominance_PC75,4.538000,0.037804285
SA_Energy_Dominance_PC75,4.542000,0.037784835
SA_Energy_Dominance_PC75,4.550000,0.037600699
SA_Energy_Dominance_PC75,4.556000,0.037586730
SA_Energy_Dominance_PC75,4.558000,0.037228624
SA_Energy_Dominance_PC75,4.562000,0.037208747
SA_Energy_Dominance_PC75,4.564000,0.037197444
SA_Energy_Dominance_PC75,4.566000,0.037182706
SA_Energy_Dominance_PC75,4.570000,0.037176867
SA_Energy_Dominance_PC75,4.582000,0.037171340
SA_Energy_Dominance_PC75,4.590000,0.037167416
SA_Energy_Dominance_PC75,4.594000,0.037148299
SA_Energy_Dominance_PC75,4.598000,0.037142459
SA_Energy_Dominance_PC75,4.616000,0.037136932
SA_Energy_Dominance_PC75,4.632000,0.037116971
SA_Energy_Dominance_PC75,4.636000,0.037105227
SA_Energy_Dominance_PC75,4.644000,0.037090408
SA_Energy_Dominance_PC75,4.648000,0.037090366
SA_Energy_Dominance_PC75,4.650000,0.037084526
SA_Energy_Dominance_PC75,4.664000,0.037069666
SA_Energy_Dominance_PC75,4.666000,0.037063826
SA_Energy_Dominance_PC75,4.680000,0.037058258
SA_Energy_Dominance_PC75,4.682000,0.037052418
SA_Energy_Dominance_PC75,4.696000,0.037044917
SA_Energy_Dominance_PC75,4.700000,0.037039077
SA_Energy_Dominance_PC75,4.718000,0.037033551
SA_Energy_Dominance_PC75,4.730000,0.037020614
SA_Energy_Dominance_PC75,4.744000,0.037014675
SA_Energy_Dominance_PC75,4.746000,0.036747443
SA_Energy_Dominance_PC75,4.750000,0.036723051
SA_Energy_Dominance_PC75,4.770000,0.036717524
SA_Energy_Dominance_PC75,4.794000,0.036673102
SA_Energy_Dominance_PC75,4.798000,0.036640657
SA_Energy_Dominance_PC75,4.820000,0.036635131
SA_Energy_Dominance_PC75,4.832000,0.036615622
SA_Energy_Dominance_PC75,4.834000,0.036608567
SA_Energy_Dominance_PC75,4.850000,0.036602686
SA_Energy_Dominance_PC75,4.872000,0.036597159
SA_Energy_Dominance_PC75,5.048000,0.036355932
SA_Energy_Dominance_PC75,5.340000,0.036137475
SA_Energy_Dominance_PC75,5.364000,0.036136401
SA_Energy_Dominance_PC75,5.370000,0.036097853
SA_Energy_Dominance_PC75,5.416000,0.036090141
SA_Energy_Dominance_PC75,5.440000,0.036088167
SA_Energy_Dominance_PC75,5.444000,0.036082609
SA_Energy_Dominance_PC75,5.448000,0.036076800
SA_Energy_Dominance_PC75,5.452000,0.036050291
SA_Energy_Dominance_PC75,5.496000,0.035784405
SA_Energy_Dominance_PC75,5.498000,0.035533386
SA_Energy_Dominance_PC75,5.500000,0.035423557
SA_Energy_Dominance_PC75,5.504000,0.035416461
SA_Energy_Dominance_PC75,5.506000,0.035410621
SA_Energy_Dominance_PC75,5.508000,0.035407919
SA_Energy_Dominance_PC75,5.534000,0.035405094
SA_Energy_Dominance_PC75,5.594000,0.035359029
SA_Energy_Dominance_PC75,5.610000,0.035353419
SA_Energy_Dominance_PC75,5.640000,0.035343498
SA_Energy_Dominance_PC75,5.644000,0.035323534
SA_Energy_Dominance_PC75,5.646000,0.035317035
SA_Energy_Dominance_PC75,5.652000,0.035307271
SA_Energy_Dominance_PC75,5.678000,0.035304569
SA_Energy_Dominance_PC75,5.688000,0.035301745
SA_Energy_Dominance_PC75,6.356000,0.035139779
SA_Energy_Dominance_PC75,6.532000,0.034976284
SA_Energy_Dominance_PC75,6.562000,0.034892489
SA_Energy_Dominance_PC75,6.626000,0.034878899
SA_Energy_Dominance_PC75,6.658000,0.034873372
SA_Energy_Dominance_PC75,6.696000,0.034848350
SA_Energy_Dominance_PC75,6.814000,0.034810943
SA_Energy_Dominance_PC75,6.824000,0.034800383
SA_Energy_Dominance_PC75,6.932000,0.034797602
SA_Energy_Dominance_PC75,7.018000,0.033910405
SA_Energy_Dominance_PC75,7.162000,0.033863921
SA_Energy_Dominance_PC75,7.320000,0.033863184
SA_Energy_Dominance_PC75,7.330000,0.033861249
SA_Energy_Dominance_PC75,7.374000,0.033847658
SA_Energy_Dominance_PC75,7.378000,0.033844956
SA_Energy_Dominance_PC75,7.412000,0.033842131
SA_Energy_Dominance_PC75,8.886000,0.033810726
SA_Energy_Dominance_PC75,8.902000,0.033685762
SA_Energy_Dominance_PC75,8.908000,0.033593597
SA_Energy_Dominance_PC75,8.926000,0.033535554
SA_Energy_Dominance_PC75,9.166000,0.033530438
SA_Energy_Dominance_PC75,9.224000,0.033500477
SA_Energy_Dominance_PC75,9.262000,0.033500477
SA_Energy_Dominance_PC75,9.296000,0.033489069
SA_Energy_Dominance_PC75,9.418000,0.033487980
SA_Energy_Dominance_PC75,9.464000,0.033478646
SA_Energy_Dominance_PC75,9.530000,0.033472807
SA_Energy_Dominance_PC75,9.538000,0.033470104
SA_Energy_Dominance_PC75,9.568000,0.033467280
NSGA-II_PC75,1.248000,0.047004530
NSGA-II_PC75,1.268000,0.046299246
NSGA-II_PC75,1.308000,0.044945429
NSGA-II_PC75,1.370000,0.044843386
NSGA-II_PC75,1.376000,0.044158815
NSGA-II_PC75,1.414000,0.044029954
NSGA-II_PC75,1.438000,0.043921006
NSGA-II_PC75,1.462000,0.043821203
NSGA-II_PC75,1.486000,0.043652233
NSGA-II_PC75,1.490000,0.043585821
NSGA-II_PC75,1.510000,0.043253362
NSGA-II_PC75,1.534000,0.043221388
NSGA-II_PC75,1.544000,0.043052773
NSGA-II_PC75,1.582000,0.043012866
NSGA-II_PC75,1.590000,0.042619752
NSGA-II_PC75,1.646000,0.042568285
NSGA-II_PC75,1.648000,0.042360727
NSGA-II_PC75,1.686000,0.042245860
NSGA-II_PC75,1.696000,0.041485588
NSGA-II_PC75,1.814000,0.041433036
NSGA-II_PC75,1.862000,0.041108358
NSGA-II_PC75,1.916000,0.041048113
NSGA-II_PC75,1.960000,0.040848612
NSGA-II_PC75,1.970000,0.040751415
NSGA-II_PC75,1.972000,0.040369785
NSGA-II_PC75,1.988000,0.040070123
NSGA-II_PC75,2.052000,0.040045896
NSGA-II_PC75,2.144000,0.039885894
NSGA-II_PC75,2.180000,0.039745126
NSGA-II_PC75,2.288000,0.039675357
NSGA-II_PC75,2.306000,0.039395619
NSGA-II_PC75,2.360000,0.039349539
NSGA-II_PC75,2.434000,0.039327764
NSGA-II_PC75,2.448000,0.039208178
NSGA-II_PC75,2.558000,0.039141332
NSGA-II_PC75,2.602000,0.038689227
NSGA-II_PC75,2.944000,0.038656226
NSGA-II_PC75,2.968000,0.038528206
NSGA-II_PC75,3.066000,0.038513312
NSGA-II_PC75,3.136000,0.038432779
NSGA-II_PC75,3.214000,0.038373826
NSGA-II_PC75,3.540000,0.038285300
NSGA-II_PC75,4.200000,0.038251271
NSGA-II_PC75,4.408000,0.038150185
NSGA-II_PC75,4.494000,0.038084797
NSGA-II_PC75,4.990000,0.038061115
SPEA-II_PC75,1.152000,0.049372736
SPEA-II_PC75,1.154000,0.049197209
SPEA-II_PC75,1.158000,0.048623620
SPEA-II_PC75,1.160000,0.048450383
SPEA-II_PC75,1.174000,0.047200289
SPEA-II_PC75,1.184000,0.047023985
SPEA-II_PC75,1.208000,0.046730234
SPEA-II_PC75,1.218000,0.046613278
SPEA-II_PC75,1.230000,0.046038776
SPEA-II_PC75,1.252000,0.045890134
SPEA-II_PC75,1.262000,0.045559734
SPEA-II_PC75,1.292000,0.044853440
SPEA-II_PC75,1.316000,0.044532980
SPEA-II_PC75,1.352000,0.044361016
SPEA-II_PC75,1.366000,0.044228605
SPEA-II_PC75,1.390000,0.044157410
SPEA-II_PC75,1.410000,0.044046406
SPEA-II_PC75,1.452000,0.043915800
SPEA-II_PC75,1.464000,0.043814254
SPEA-II_PC75,1.504000,0.043632226
SPEA-II_PC75,1.514000,0.043377946
SPEA-II_PC75,1.558000,0.043240437
SPEA-II_PC75,1.560000,0.043078301
SPEA-II_PC75,1.566000,0.043043053
SPEA-II_PC75,1.570000,0.042322389
SPEA-II_PC75,1.590000,0.041990640
SPEA-II_PC75,1.676000,0.041812180
SPEA-II_PC75,1.678000,0.041500914
SPEA-II_PC75,1.726000,0.041220823
SPEA-II_PC75,1.734000,0.041125756
SPEA-II_PC75,1.756000,0.040925683
SPEA-II_PC75,1.764000,0.040874629
SPEA-II_PC75,1.774000,0.040411334
SPEA-II_PC75,1.850000,0.040323182
SPEA-II_PC75,1.886000,0.040161816
SPEA-II_PC75,1.968000,0.039886084
SPEA-II_PC75,2.020000,0.039834838
SPEA-II_PC75,2.024000,0.039708552
SPEA-II_PC75,2.050000,0.039629712
SPEA-II_PC75,2.110000,0.039617597
SPEA-II_PC75,2.218000,0.039527808
SPEA-II_PC75,2.254000,0.039411045
SPEA-II_PC75,2.322000,0.039380276
SPEA-II_PC75,2.440000,0.039330949
SPEA-II_PC75,2.458000,0.039263579
SPEA-II_PC75,2.494000,0.038943324
SPEA-II_PC75,2.630000,0.038832672
SPEA-II_PC75,5.244000,0.038741150
AMOSA_PC75,1.050000,0.051160456
AMOSA_PC75,1.052000,0.050880018
AMOSA_PC75,1.054000,0.050245144
AMOSA_PC75,1.056000,0.050212195
AMOSA_PC75,1.058000,0.050205771
AMOSA_PC75,1.060000,0.050091843
AMOSA_PC75,1.070000,0.050085356
AMOSA_PC75,1.072000,0.049855634
AMOSA_PC75,1.074000,0.049673812
AMOSA_PC75,1.090000,0.049664161
AMOSA_PC75,1.102000,0.049524236
AMOSA_PC75,1.108000,0.049480440
AMOSA_PC75,1.138000,0.049344777
AMOSA_PC75,1.156000,0.049269995
AMOSA_PC75,1.166000,0.049269316
AMOSA_PC75,1.180000,0.049132505
AMOSA_PC75,1.204000,0.049076159
AMOSA_PC75,1.222000,0.049043004
AMOSA_PC75,1.224000,0.048900798
AMOSA_PC75,1.226000,0.048698513
AMOSA_PC75,1.306000,0.048689412
AMOSA_PC75,1.314000,0.048619628
AMOSA_PC75,1.318000,0.048282895
AMOSA_PC75,1.468000,0.048187901
AMOSA_PC75,1.492000,0.048130721
AMOSA_PC75,1.510000,0.047957893
AMOSA_PC75,1.524000,0.047671316
AMOSA_PC75,1.528000,0.047347391
AMOSA_PC75,1.540000,0.047138367
AMOSA_PC75,1.552000,0.046921737
AMOSA_PC75,1.670000,0.046011715
AMOSA_PC75,1.714000,0.045904321
AMOSA_PC75,1.774000,0.045703430
AMOSA_PC75,1.834000,0.045692064
AMOSA_PC75,2.040000,0.045295435
AMOSA_PC75,2.220000,0.044974529
AMOSA_PC75,2.350000,0.044925821
AMOSA_PC75,2.510000,0.044694820
AMOSA_PC75,2.532000,0.044554630
AMOSA_PC75,2.630000,0.044417287
AMOSA_PC75,2.686000,0.044355106
AMOSA_PC75,2.690000,0.043540298
AMOSA_PC75,3.082000,0.043460523
AMOSA_PC75,3.378000,0.043218409
AMOSA_PC75,3.392000,0.043196041
AMOSA_PC75,3.474000,0.043170283
AMOSA_PC75,3.492000,0.043150255
AMOSA_PC75,3.496000,0.042721402
AMOSA_PC75,3.544000,0.042634982
AMOSA_PC75,3.572000,0.042581749
AMOSA_PC75,3.580000,0.042514721
AMOSA_PC75,3.612000,0.042501113
AMOSA_PC75,3.658000,0.042494006
AMOSA_PC75,3.702000,0.042402364
AMOSA_PC75,3.844000,0.042370870
AMOSA_PC75,3.858000,0.042273560
AMOSA_PC75,3.912000,0.042139658
AMOSA_PC75,4.026000,0.041998473
AMOSA_PC75,4.086000,0.041924469
AMOSA_PC75,4.154000,0.041923392
AMOSA_PC75,4.156000,0.041631947
GA_WaitingTime_Dominance_PC50,1.862000,0.053265984
GA_WaitingTime_Dominance_PC50,1.886000,0.052166077
GA_WaitingTime_Dominance_PC50,2.012000,0.052136788
GA_WaitingTime_Dominance_PC50,2.018000,0.051929659
GA_WaitingTime_Dominance_PC50,2.060000,0.051666884
GA_WaitingTime_Dominance_PC50,2.066000,0.051351007
GA_WaitingTime_Dominance_PC50,2.304000,0.049854608
GA_WaitingTime_Dominance_PC50,3.690000,0.049708117
GA_Energy_Dominance_PC50,1.916000,0.053967001
GA_Energy_Dominance_PC50,1.954000,0.048507166
GA_Energy_Dominance_PC50,2.198000,0.047923012
GA_Energy_Dominance_PC50,2.442000,0.047508590
GA_Energy_Dominance_PC50,2.500000,0.047280004
GA_Energy_Dominance_PC50,2.506000,0.047099929
GA_Energy_Dominance_PC50,2.514000,0.046750342
GA_Energy_Dominance_PC50,2.602000,0.046505493
GA_Energy_Dominance_PC50,2.676000,0.046069135
GA_Energy_Dominance_PC50,2.682000,0.045663909
GA_Energy_Dominance_PC50,2.778000,0.045020045
GA_Energy_Dominance_PC50,2.822000,0.045009896
GA_Energy_Dominance_PC50,2.860000,0.043816924
GA_Energy_Dominance_PC50,2.946000,0.042387875
GA_Energy_Dominance_PC50,2.986000,0.041683669
GA_Energy_Dominance_PC50,3.120000,0.041604280
GA_Energy_Dominance_PC50,3.130000,0.040832161
GA_Energy_Dominance_PC50,3.158000,0.040633587
GA_Energy_Dominance_PC50,3.212000,0.040592048
GA_Energy_Dominance_PC50,3.298000,0.040385878
GA_Energy_Dominance_PC50,3.306000,0.040358774
GA_Energy_Dominance_PC50,3.326000,0.040203640
GA_Energy_Dominance_PC50,3.346000,0.040072986
GA_Energy_Dominance_PC50,3.368000,0.039889497
GA_Energy_Dominance_PC50,3.386000,0.038986260
GA_Energy_Dominance_PC50,3.390000,0.038547682
GA_Energy_Dominance_PC50,3.678000,0.037982897
GA_Energy_Dominance_PC50,3.938000,0.037743390
GA_Energy_Dominance_PC50,4.044000,0.037622523
GA_Energy_Dominance_PC50,4.068000,0.037534982
GA_Energy_Dominance_PC50,4.148000,0.037455344
GA_Energy_Dominance_PC50,4.170000,0.036486843
GA_Energy_Dominance_PC50,4.480000,0.036334067
GA_Energy_Dominance_PC50,4.492000,0.036303873
GA_Energy_Dominance_PC50,4.584000,0.036004018
GA_Energy_Dominance_PC50,4.808000,0.035857110
GA_Energy_Dominance_PC50,4.964000,0.035764240
GA_Energy_Dominance_PC50,5.050000,0.035725588
GA_Energy_Dominance_PC50,5.114000,0.035711621
GA_Energy_Dominance_PC50,5.142000,0.035572957
GA_Energy_Dominance_PC50,5.302000,0.035563083
GA_Energy_Dominance_PC50,5.318000,0.035469535
GA_Energy_Dominance_PC50,5.612000,0.035376987
GA_Energy_Dominance_PC50,5.776000,0.035350721
GA_Energy_Dominance_PC50,5.876000,0.035248264
GA_Energy_Dominance_PC50,6.216000,0.035181960
GA_Energy_Dominance_PC50,10.816000,0.034829757
GA_Energy_Dominance_PC50,11.222000,0.034824906
GA_Energy_Dominance_PC50,11.466000,0.034608826
GA_Energy_Dominance_PC50,11.958000,0.034565559
GA_Energy_Dominance_PC50,12.178000,0.034447732
GA_Energy_Dominance_PC50,12.530000,0.034420632
GA_Energy_Dominance_PC50,12.562000,0.034375351
GA_Energy_Dominance_PC50,12.666000,0.034333699
GA_Energy_Dominance_PC50,12.792000,0.034296026
GA_Energy_Dominance_PC50,12.884000,0.034124019
GA_Energy_Dominance_PC50,13.430000,0.034106364
GA_Energy_Dominance_PC50,13.742000,0.034096072
GA_Energy_Dominance_PC50,13.890000,0.034094163
GA_Energy_Dominance_PC50,13.976000,0.034063849
GA_Energy_Dominance_PC50,14.068000,0.034058895
GA_Energy_Dominance_PC50,14.136000,0.033999406
GA_Energy_Dominance_PC50,14.868000,0.033980191
GA_Energy_Dominance_PC50,14.994000,0.033971455
GA_Energy_Dominance_PC50,15.596000,0.033959754
GA_Energy_Dominance_PC50,15.662000,0.033935443
SA_WaitingTime_Dominance_PC50,1.006000,0.050682231
SA_Energy_Dominance_PC50,2.164000,0.047252679
SA_Energy_Dominance_PC50,2.200000,0.047165809
SA_Energy_Dominance_PC50,2.202000,0.047160213
SA_Energy_Dominance_PC50,2.204000,0.047102009
SA_Energy_Dominance_PC50,2.210000,0.046682358
SA_Energy_Dominance_PC50,2.304000,0.046134250
SA_Energy_Dominance_PC50,2.324000,0.043986044
SA_Energy_Dominance_PC50,2.372000,0.043974176
SA_Energy_Dominance_PC50,2.378000,0.043966849
SA_Energy_Dominance_PC50,2.382000,0.043935309
SA_Energy_Dominance_PC50,2.390000,0.043932485
SA_Energy_Dominance_PC50,2.392000,0.043929783
SA_Energy_Dominance_PC50,2.400000,0.043913257
SA_Energy_Dominance_PC50,2.404000,0.043892205
SA_Energy_Dominance_PC50,2.510000,0.043889355
SA_Energy_Dominance_PC50,2.528000,0.043781430
SA_Energy_Dominance_PC50,2.558000,0.043725554
SA_Energy_Dominance_PC50,2.566000,0.043445756
SA_Energy_Dominance_PC50,2.568000,0.043350360
SA_Energy_Dominance_PC50,2.594000,0.043296478
SA_Energy_Dominance_PC50,2.610000,0.043293654
SA_Energy_Dominance_PC50,2.614000,0.043047574
SA_Energy_Dominance_PC50,2.622000,0.043004918
SA_Energy_Dominance_PC50,2.624000,0.042992992
SA_Energy_Dominance_PC50,2.634000,0.042990290
SA_Energy_Dominance_PC50,2.640000,0.042987465
SA_Energy_Dominance_PC50,2.656000,0.042984610
SA_Energy_Dominance_PC50,2.662000,0.042981908
SA_Energy_Dominance_PC50,2.670000,0.042979083
SA_Energy_Dominance_PC50,2.692000,0.042877470
SA_Energy_Dominance_PC50,2.694000,0.042867988
SA_Energy_Dominance_PC50,2.698000,0.042862179
SA_Energy_Dominance_PC50,2.714000,0.042850813
SA_Energy_Dominance_PC50,2.762000,0.042826936
SA_Energy_Dominance_PC50,2.798000,0.042823759
SA_Energy_Dominance_PC50,2.924000,0.042794757
SA_Energy_Dominance_PC50,2.930000,0.042757350
SA_Energy_Dominance_PC50,2.970000,0.042687072
SA_Energy_Dominance_PC50,2.976000,0.042325438
SA_Energy_Dominance_PC50,3.012000,0.042208008
SA_Energy_Dominance_PC50,3.020000,0.041708244
SA_Energy_Dominance_PC50,3.032000,0.041606742
SA_Energy_Dominance_PC50,3.054000,0.041583280
SA_Energy_Dominance_PC50,3.092000,0.041569001
SA_Energy_Dominance_PC50,3.112000,0.041492969
SA_Energy_Dominance_PC50,3.134000,0.041435182
SA_Energy_Dominance_PC50,3.146000,0.041418707
SA_Energy_Dominance_PC50,3.154000,0.041392667
SA_Energy_Dominance_PC50,3.156000,0.041381300
SA_Energy_Dominance_PC50,3.202000,0.041381018
SA_Energy_Dominance_PC50,3.208000,0.041373080
SA_Energy_Dominance_PC50,3.222000,0.041335674
SA_Energy_Dominance_PC50,3.230000,0.041332849
SA_Energy_Dominance_PC50,3.314000,0.041282008
SA_Energy_Dominance_PC50,3.320000,0.041273303
SA_Energy_Dominance_PC50,3.348000,0.041064539
SA_Energy_Dominance_PC50,3.364000,0.041060724
SA_Energy_Dominance_PC50,3.366000,0.041034620
SA_Energy_Dominance_PC50,3.372000,0.040994450
SA_Energy_Dominance_PC50,3.398000,0.040988641
SA_Energy_Dominance_PC50,3.424000,0.040957170
SA_Energy_Dominance_PC50,3.426000,0.040948686
SA_Energy_Dominance_PC50,3.430000,0.040944870
SA_Energy_Dominance_PC50,3.434000,0.040590905
SA_Energy_Dominance_PC50,3.446000,0.040584762
SA_Energy_Dominance_PC50,3.452000,0.040566534
SA_Energy_Dominance_PC50,3.460000,0.040563709
SA_Energy_Dominance_PC50,3.482000,0.040547294
SA_Energy_Dominance_PC50,3.494000,0.040541768
SA_Energy_Dominance_PC50,3.518000,0.040541768
SA_Energy_Dominance_PC50,3.572000,0.040533105
SA_Energy_Dominance_PC50,3.582000,0.040527108
SA_Energy_Dominance_PC50,3.588000,0.040519764
SA_Energy_Dominance_PC50,3.594000,0.040149875
SA_Energy_Dominance_PC50,3.604000,0.040123997
SA_Energy_Dominance_PC50,3.618000,0.040123956
SA_Energy_Dominance_PC50,3.636000,0.040112589
SA_Energy_Dominance_PC50,3.650000,0.040046020
SA_Energy_Dominance_PC50,3.656000,0.040016881
SA_Energy_Dominance_PC50,3.664000,0.040008340
SA_Energy_Dominance_PC50,3.674000,0.040005515
SA_Energy_Dominance_PC50,3.700000,0.039949407
SA_Energy_Dominance_PC50,3.724000,0.039921136
SA_Energy_Dominance_PC50,3.742000,0.039915327
SA_Energy_Dominance_PC50,3.746000,0.039857482
SA_Energy_Dominance_PC50,3.772000,0.039847443
SA_Energy_Dominance_PC50,3.784000,0.039838901
SA_Energy_Dominance_PC50,3.790000,0.039836077
SA_Energy_Dominance_PC50,3.824000,0.039466837
SA_Energy_Dominance_PC50,3.880000,0.039353843
SA_Energy_Dominance_PC50,3.884000,0.039257238
SA_Energy_Dominance_PC50,3.900000,0.038964443
SA_Energy_Dominance_PC50,3.916000,0.038926040
SA_Energy_Dominance_PC50,3.944000,0.038926040
SA_Energy_Dominance_PC50,4.008000,0.038923215
SA_Energy_Dominance_PC50,4.010000,0.038915402
SA_Energy_Dominance_PC50,4.014000,0.038909875
SA_Energy_Dominance_PC50,4.054000,0.038884898
SA_Energy_Dominance_PC50,4.064000,0.038879058
SA_Energy_Dominance_PC50,4.070000,0.038876356
SA_Energy_Dominance_PC50,4.076000,0.038873531
SA_Energy_Dominance_PC50,4.102000,0.038846335
SA_Energy_Dominance_PC50,4.104000,0.038677699
SA_Energy_Dominance_PC50,4.124000,0.038672172
SA_Energy_Dominance_PC50,4.150000,0.038652050
SA_Energy_Dominance_PC50,4.168000,0.038640594
SA_Energy_Dominance_PC50,4.170000,0.038622131
SA_Energy_Dominance_PC50,4.188000,0.038612367
SA_Energy_Dominance_PC50,4.194000,0.038600959
SA_Energy_Dominance_PC50,4.214000,0.038595432
SA_Energy_Dominance_PC50,4.270000,0.038563270
SA_Energy_Dominance_PC50,4.280000,0.038557461
SA_Energy_Dominance_PC50,4.294000,0.038556901
SA_Energy_Dominance_PC50,4.298000,0.038545598
SA_Energy_Dominance_PC50,4.300000,0.038540547
SA_Energy_Dominance_PC50,4.318000,0.038519494
SA_Energy_Dominance_PC50,4.338000,0.038519212
SA_Energy_Dominance_PC50,4.354000,0.038517258
SA_Energy_Dominance_PC50,4.356000,0.038513685
SA_Energy_Dominance_PC50,4.362000,0.038512464
SA_Energy_Dominance_PC50,4.366000,0.038511413
SA_Energy_Dominance_PC50,4.376000,0.038450741
SA_Energy_Dominance_PC50,4.396000,0.038161839
SA_Energy_Dominance_PC50,4.398000,0.038146307
SA_Energy_Dominance_PC50,4.400000,0.038110081
SA_Energy_Dominance_PC50,4.410000,0.038034834
SA_Energy_Dominance_PC50,4.412000,0.037928195
SA_Energy_Dominance_PC50,4.436000,0.037926798
SA_Energy_Dominance_PC50,4.438000,0.037920958
SA_Energy_Dominance_PC50,4.448000,0.037915432
SA_Energy_Dominance_PC50,4.452000,0.037905745
SA_Energy_Dominance_PC50,4.458000,0.037899906
SA_Energy_Dominance_PC50,4.468000,0.037826155
SA_Energy_Dominance_PC50,4.512000,0.037826113
SA_Energy_Dominance_PC50,4.514000,0.037820273
SA_Energy_Dominance_PC50,4.520000,0.037814747
SA_Energy_Dominance_PC50,4.532000,0.037814464
SA_Energy_Dominance_PC50,4.538000,0.037804285
SA_Energy_Dominance_PC50,4.542000,0.037784835
SA_Energy_Dominance_PC50,4.550000,0.037600699
SA_Energy_Dominance_PC50,4.556000,0.037586730
SA_Energy_Dominance_PC50,4.558000,0.037228624
SA_Energy_Dominance_PC50,4.562000,0.037208747
SA_Energy_Dominance_PC50,4.564000,0.037197444
SA_Energy_Dominance_PC50,4.566000,0.037182706
SA_Energy_Dominance_PC50,4.570000,0.037176867
SA_Energy_Dominance_PC50,4.582000,0.037171340
SA_Energy_Dominance_PC50,4.590000,0.037167416
SA_Energy_Dominance_PC50,4.594000,0.037148299
SA_Energy_Dominance_PC50,4.598000,0.037142459
SA_Energy_Dominance_PC50,4.616000,0.037136932
SA_Energy_Dominance_PC50,4.632000,0.037116971
SA_Energy_Dominance_PC50,4.636000,0.037105227
SA_Energy_Dominance_PC50,4.644000,0.037090408
SA_Energy_Dominance_PC50,4.648000,0.037090366
SA_Energy_Dominance_PC50,4.650000,0.037084526
SA_Energy_Dominance_PC50,4.664000,0.037069666
SA_Energy_Dominance_PC50,4.666000,0.037063826
SA_Energy_Dominance_PC50,4.680000,0.037058258
SA_Energy_Dominance_PC50,4.682000,0.037052418
SA_Energy_Dominance_PC50,4.696000,0.037044917
SA_Energy_Dominance_PC50,4.700000,0.037039077
SA_Energy_Dominance_PC50,4.718000,0.037033551
SA_Energy_Dominance_PC50,4.730000,0.037020614
SA_Energy_Dominance_PC50,4.744000,0.037014675
SA_Energy_Dominance_PC50,4.746000,0.036747443
SA_Energy_Dominance_PC50,4.750000,0.036723051
SA_Energy_Dominance_PC50,4.770000,0.036717524
SA_Energy_Dominance_PC50,4.794000,0.036673102
SA_Energy_Dominance_PC50,4.798000,0.036640657
SA_Energy_Dominance_PC50,4.820000,0.036635131
SA_Energy_Dominance_PC50,4.832000,0.036615622
SA_Energy_Dominance_PC50,4.834000,0.036608567
SA_Energy_Dominance_PC50,4.850000,0.036602686
SA_Energy_Dominance_PC50,4.872000,0.036597159
SA_Energy_Dominance_PC50,5.048000,0.036355932
SA_Energy_Dominance_PC50,5.340000,0.036137475
SA_Energy_Dominance_PC50,5.364000,0.036136401
SA_Energy_Dominance_PC50,5.370000,0.036097853
SA_Energy_Dominance_PC50,5.416000,0.036090141
SA_Energy_Dominance_PC50,5.440000,0.036088167
SA_Energy_Dominance_PC50,5.444000,0.036082609
SA_Energy_Dominance_PC50,5.448000,0.036076800
SA_Energy_Dominance_PC50,5.452000,0.036050291
SA_Energy_Dominance_PC50,5.496000,0.035784405
SA_Energy_Dominance_PC50,5.498000,0.035533386
SA_Energy_Dominance_PC50,5.500000,0.035423557
SA_Energy_Dominance_PC50,5.504000,0.035416461
SA_Energy_Dominance_PC50,5.506000,0.035410621
SA_Energy_Dominance_PC50,5.508000,0.035407919
SA_Energy_Dominance_PC50,5.534000,0.035405094
SA_Energy_Dominance_PC50,5.594000,0.035359029
SA_Energy_Dominance_PC50,5.610000,0.035353419
SA_Energy_Dominance_PC50,5.640000,0.035343498
SA_Energy_Dominance_PC50,5.644000,0.035323534
SA_Energy_Dominance_PC50,5.646000,0.035317035
SA_Energy_Dominance_PC50,5.652000,0.035307271
SA_Energy_Dominance_PC50,5.678000,0.035304569
SA_Energy_Dominance_PC50,5.688000,0.035301745
SA_Energy_Dominance_PC50,6.356000,0.035139779
SA_Energy_Dominance_PC50,6.532000,0.034976284
SA_Energy_Dominance_PC50,6.562000,0.034892489
SA_Energy_Dominance_PC50,6.626000,0.034878899
SA_Energy_Dominance_PC50,6.658000,0.034873372
SA_Energy_Dominance_PC50,6.696000,0.034848350
SA_Energy_Dominance_PC50,6.814000,0.034810943
SA_Energy_Dominance_PC50,6.824000,0.034800383
SA_Energy_Dominance_PC50,6.932000,0.034797602
SA_Energy_Dominance_PC50,7.018000,0.033910405
SA_Energy_Dominance_PC50,7.162000,0.033863921
SA_Energy_Dominance_PC50,7.320000,0.033863184
SA_Energy_Dominance_PC50,7.330000,0.033861249
SA_Energy_Dominance_PC50,7.374000,0.033847658
SA_Energy_Dominance_PC50,7.378000,0.033844956
SA_Energy_Dominance_PC50,7.412000,0.033842131
SA_Energy_Dominance_PC50,8.886000,0.033810726
SA_Energy_Dominance_PC50,8.902000,0.033685762
SA_Energy_Dominance_PC50,8.908000,0.033593597
SA_Energy_Dominance_PC50,8.926000,0.033535554
SA_Energy_Dominance_PC50,9.166000,0.033530438
SA_Energy_Dominance_PC50,9.224000,0.033500477
SA_Energy_Dominance_PC50,9.262000,0.033500477
SA_Energy_Dominance_PC50,9.296000,0.033489069
SA_Energy_Dominance_PC50,9.418000,0.033487980
SA_Energy_Dominance_PC50,9.464000,0.033478646
SA_Energy_Dominance_PC50,9.530000,0.033472807
SA_Energy_Dominance_PC50,9.538000,0.033470104
SA_Energy_Dominance_PC50,9.568000,0.033467280
NSGA-II_PC50,1.280000,0.050892327
NSGA-II_PC50,1.298000,0.045480347
NSGA-II_PC50,1.316000,0.045114471
NSGA-II_PC50,1.412000,0.044927326
NSGA-II_PC50,1.424000,0.044654802
NSGA-II_PC50,1.472000,0.044310153
NSGA-II_PC50,1.488000,0.044107187
NSGA-II_PC50,1.492000,0.044089952
NSGA-II_PC50,1.514000,0.043928099
NSGA-II_PC50,1.558000,0.043733757
NSGA-II_PC50,1.580000,0.043513571
NSGA-II_PC50,1.604000,0.043503913
NSGA-II_PC50,1.612000,0.043267516
NSGA-II_PC50,1.634000,0.042987164
NSGA-II_PC50,1.654000,0.042812903
NSGA-II_PC50,1.672000,0.042618533
NSGA-II_PC50,1.718000,0.041571807
NSGA-II_PC50,1.828000,0.041435488
NSGA-II_PC50,1.846000,0.041389629
NSGA-II_PC50,1.888000,0.041154457
NSGA-II_PC50,1.948000,0.040902746
NSGA-II_PC50,2.134000,0.040104181
NSGA-II_PC50,2.200000,0.039959265
NSGA-II_PC50,2.370000,0.039826535
NSGA-II_PC50,2.482000,0.039764899
NSGA-II_PC50,2.532000,0.039573847
NSGA-II_PC50,2.560000,0.039457099
NSGA-II_PC50,2.602000,0.039363624
NSGA-II_PC50,2.640000,0.039268215
NSGA-II_PC50,2.736000,0.039184743
NSGA-II_PC50,2.768000,0.039166034
NSGA-II_PC50,2.836000,0.039158395
NSGA-II_PC50,3.002000,0.039125169
NSGA-II_PC50,3.024000,0.039118231
NSGA-II_PC50,3.050000,0.039095659
NSGA-II_PC50,3.108000,0.039084757
NSGA-II_PC50,3.142000,0.038707267
NSGA-II_PC50,3.488000,0.038540798
NSGA-II_PC50,3.808000,0.038449180
NSGA-II_PC50,4.570000,0.038302351
SPEA-II_PC50,1.220000,0.048441477
SPEA-II_PC50,1.258000,0.048166195
SPEA-II_PC50,1.272000,0.047579107
SPEA-II_PC50,1.274000,0.046515965
SPEA-II_PC50,1.280000,0.046168876
SPEA-II_PC50,1.304000,0.045784366
SPEA-II_PC50,1.334000,0.044557934
SPEA-II_PC50,1.394000,0.044226756
SPEA-II_PC50,1.406000,0.044165812
SPEA-II_PC50,1.434000,0.043642477
SPEA-II_PC50,1.460000,0.043571484
SPEA-II_PC50,1.480000,0.043485698
SPEA-II_PC50,1.486000,0.043414265
SPEA-II_PC50,1.490000,0.043395907
SPEA-II_PC50,1.496000,0.043269248
SPEA-II_PC50,1.512000,0.043115597
SPEA-II_PC50,1.522000,0.042696447
SPEA-II_PC50,1.612000,0.042105295
SPEA-II_PC50,1.722000,0.041751706
SPEA-II_PC50,1.790000,0.041629401
SPEA-II_PC50,1.814000,0.041570176
SPEA-II_PC50,1.824000,0.041330060
SPEA-II_PC50,1.864000,0.040969450
SPEA-II_PC50,1.920000,0.040934306
SPEA-II_PC50,1.940000,0.040847110
SPEA-II_PC50,1.952000,0.040694921
SPEA-II_PC50,1.986000,0.040660017
SPEA-II_PC50,2.006000,0.040604603
SPEA-II_PC50,2.010000,0.040595333
SPEA-II_PC50,2.016000,0.040295774
SPEA-II_PC50,2.164000,0.040246669
SPEA-II_PC50,2.170000,0.040147530
SPEA-II_PC50,2.244000,0.040118887
SPEA-II_PC50,2.254000,0.039875496
SPEA-II_PC50,2.344000,0.039873243
SPEA-II_PC50,2.350000,0.039806274
SPEA-II_PC50,2.408000,0.039639088
SPEA-II_PC50,2.530000,0.039577570
SPEA-II_PC50,2.678000,0.039575155
SPEA-II_PC50,2.696000,0.039541574
SPEA-II_PC50,2.712000,0.039392303
SPEA-II_PC50,2.728000,0.039373851
SPEA-II_PC50,2.904000,0.039259618
SPEA-II_PC50,3.018000,0.039192829
SPEA-II_PC50,3.072000,0.039044366
SPEA-II_PC50,3.140000,0.039014416
SPEA-II_PC50,3.462000,0.038875479
SPEA-II_PC50,3.478000,0.038829595
SPEA-II_PC50,3.500000,0.038633166
SPEA-II_PC50,4.042000,0.038587194
SPEA-II_PC50,5.198000,0.038465849
SPEA-II_PC50,5.570000,0.038294408
AMOSA_PC50,1.346000,0.051195754
AMOSA_PC50,1.358000,0.050826317
AMOSA_PC50,1.366000,0.050447473
AMOSA_PC50,1.382000,0.050364323
AMOSA_PC50,1.392000,0.050165837
AMOSA_PC50,1.404000,0.049831868
AMOSA_PC50,1.448000,0.048501360
AMOSA_PC50,1.468000,0.048397123
AMOSA_PC50,1.492000,0.048367931
AMOSA_PC50,1.494000,0.048351685
AMOSA_PC50,1.504000,0.048281441
AMOSA_PC50,1.506000,0.048090316
AMOSA_PC50,1.530000,0.048044938
AMOSA_PC50,1.542000,0.047687277
AMOSA_PC50,1.546000,0.047237638
AMOSA_PC50,1.662000,0.046851625
AMOSA_PC50,1.770000,0.046801393
AMOSA_PC50,1.796000,0.046773987
AMOSA_PC50,1.828000,0.046727547
AMOSA_PC50,1.834000,0.046626606
AMOSA_PC50,1.914000,0.045327464
AMOSA_PC50,1.974000,0.045061071
AMOSA_PC50,2.118000,0.044747103
AMOSA_PC50,2.314000,0.044708339
AMOSA_PC50,2.392000,0.044253220
AMOSA_PC50,2.482000,0.044249830
AMOSA_PC50,2.528000,0.044218006
AMOSA_PC50,2.556000,0.044187191
AMOSA_PC50,2.584000,0.044036888
AMOSA_PC50,2.692000,0.043675955
AMOSA_PC50,2.770000,0.043643955
AMOSA_PC50,2.782000,0.043554004
AMOSA_PC50,2.810000,0.043457569
AMOSA_PC50,2.914000,0.043305034
AMOSA_PC50,2.934000,0.043260404
AMOSA_PC50,3.026000,0.043006845
AMOSA_PC50,3.280000,0.042986327
AMOSA_PC50,3.338000,0.042977301
AMOSA_PC50,3.394000,0.042864463
AMOSA_PC50,3.430000,0.042660092
AMOSA_PC50,3.542000,0.042621606
AMOSA_PC50,3.572000,0.042514675
AMOSA_PC50,3.630000,0.042400296
AMOSA_PC50,3.682000,0.042384330
AMOSA_PC50,3.730000,0.042355348
AMOSA_PC50,3.754000,0.042305182
AMOSA_PC50,3.764000,0.041644495
AMOSA_PC50,3.938000,0.041597248
AMOSA_PC50,4.058000,0.041525193
AMOSA_PC50,4.092000,0.041497847
AMOSA_PC50,4.152000,0.041462157
AMOSA_PC50,4.156000,0.041314693
AMOSA_PC50,4.308000,0.041266820
GA_WaitingTime_Dominance_PC25,1.864000,0.053330084
GA_WaitingTime_Dominance_PC25,2.432000,0.051510340
GA_WaitingTime_Dominance_PC25,3.690000,0.049708117
GA_Energy_Dominance_PC25,3.158000,0.040633587
GA_Energy_Dominance_PC25,3.212000,0.040592048
GA_Energy_Dominance_PC25,3.298000,0.040385878
GA_Energy_Dominance_PC25,3.306000,0.040358774
GA_Energy_Dominance_PC25,3.346000,0.040072986
GA_Energy_Dominance_PC25,3.368000,0.039889497
GA_Energy_Dominance_PC25,3.390000,0.038547682
GA_Energy_Dominance_PC25,3.678000,0.037982897
GA_Energy_Dominance_PC25,3.938000,0.037743390
GA_Energy_Dominance_PC25,4.044000,0.037622523
GA_Energy_Dominance_PC25,4.068000,0.037534982
GA_Energy_Dominance_PC25,4.148000,0.037455344
GA_Energy_Dominance_PC25,4.170000,0.036486843
GA_Energy_Dominance_PC25,4.480000,0.036334067
GA_Energy_Dominance_PC25,4.492000,0.036303873
GA_Energy_Dominance_PC25,4.584000,0.036004018
GA_Energy_Dominance_PC25,4.808000,0.035857110
GA_Energy_Dominance_PC25,4.964000,0.035764240
GA_Energy_Dominance_PC25,5.050000,0.035725588
GA_Energy_Dominance_PC25,5.114000,0.035711621
GA_Energy_Dominance_PC25,5.142000,0.035572957
GA_Energy_Dominance_PC25,5.302000,0.035563083
GA_Energy_Dominance_PC25,5.318000,0.035469535
GA_Energy_Dominance_PC25,5.612000,0.035376987
GA_Energy_Dominance_PC25,5.776000,0.035350721
GA_Energy_Dominance_PC25,5.876000,0.035248264
GA_Energy_Dominance_PC25,6.216000,0.035181960
GA_Energy_Dominance_PC25,10.816000,0.034829757
GA_Energy_Dominance_PC25,11.222000,0.034824906
GA_Energy_Dominance_PC25,11.466000,0.034608826
GA_Energy_Dominance_PC25,11.958000,0.034565559
GA_Energy_Dominance_PC25,12.178000,0.034447732
GA_Energy_Dominance_PC25,12.530000,0.034420632
GA_Energy_Dominance_PC25,12.562000,0.034375351
GA_Energy_Dominance_PC25,12.666000,0.034333699
GA_Energy_Dominance_PC25,12.792000,0.034296026
GA_Energy_Dominance_PC25,12.884000,0.034124019
GA_Energy_Dominance_PC25,13.430000,0.034106364
GA_Energy_Dominance_PC25,13.742000,0.034096072
GA_Energy_Dominance_PC25,13.890000,0.034094163
GA_Energy_Dominance_PC25,13.976000,0.034063849
GA_Energy_Dominance_PC25,14.068000,0.034058895
GA_Energy_Dominance_PC25,14.136000,0.033999406
GA_Energy_Dominance_PC25,14.868000,0.033980191
GA_Energy_Dominance_PC25,14.994000,0.033971455
GA_Energy_Dominance_PC25,15.596000,0.033959754
GA_Energy_Dominance_PC25,15.662000,0.033935443
SA_WaitingTime_Dominance_PC25,1.006000,0.050682231
SA_Energy_Dominance_PC25,2.948000,0.043388637
SA_Energy_Dominance_PC25,2.966000,0.042761583
SA_Energy_Dominance_PC25,2.970000,0.042687072
SA_Energy_Dominance_PC25,2.982000,0.042648642
SA_Energy_Dominance_PC25,2.986000,0.042607333
SA_Energy_Dominance_PC25,3.000000,0.042604631
SA_Energy_Dominance_PC25,3.012000,0.042208008
SA_Energy_Dominance_PC25,3.026000,0.041722080
SA_Energy_Dominance_PC25,3.032000,0.041606742
SA_Energy_Dominance_PC25,3.054000,0.041583280
SA_Energy_Dominance_PC25,3.092000,0.041569001
SA_Energy_Dominance_PC25,3.112000,0.041492969
SA_Energy_Dominance_PC25,3.134000,0.041435182
SA_Energy_Dominance_PC25,3.146000,0.041418707
SA_Energy_Dominance_PC25,3.154000,0.041392667
SA_Energy_Dominance_PC25,3.156000,0.041381300
SA_Energy_Dominance_PC25,3.202000,0.041381018
SA_Energy_Dominance_PC25,3.208000,0.041373080
SA_Energy_Dominance_PC25,3.222000,0.041335674
SA_Energy_Dominance_PC25,3.230000,0.041332849
SA_Energy_Dominance_PC25,3.314000,0.041282008
SA_Energy_Dominance_PC25,3.320000,0.041273303
SA_Energy_Dominance_PC25,3.348000,0.041064539
SA_Energy_Dominance_PC25,3.364000,0.041060724
SA_Energy_Dominance_PC25,3.366000,0.041034620
SA_Energy_Dominance_PC25,3.372000,0.040994450
SA_Energy_Dominance_PC25,3.398000,0.040988641
SA_Energy_Dominance_PC25,3.424000,0.040957170
SA_Energy_Dominance_PC25,3.426000,0.040948686
SA_Energy_Dominance_PC25,3.430000,0.040944870
SA_Energy_Dominance_PC25,3.434000,0.040590905
SA_Energy_Dominance_PC25,3.446000,0.040584762
SA_Energy_Dominance_PC25,3.452000,0.040566534
SA_Energy_Dominance_PC25,3.460000,0.040563709
SA_Energy_Dominance_PC25,3.482000,0.040547294
SA_Energy_Dominance_PC25,3.494000,0.040541768
SA_Energy_Dominance_PC25,3.518000,0.040541768
SA_Energy_Dominance_PC25,3.572000,0.040533105
SA_Energy_Dominance_PC25,3.582000,0.040527108
SA_Energy_Dominance_PC25,3.588000,0.040519764
SA_Energy_Dominance_PC25,3.594000,0.040149875
SA_Energy_Dominance_PC25,3.604000,0.040123997
SA_Energy_Dominance_PC25,3.618000,0.040123956
SA_Energy_Dominance_PC25,3.636000,0.040112589
SA_Energy_Dominance_PC25,3.650000,0.040046020
SA_Energy_Dominance_PC25,3.656000,0.040016881
SA_Energy_Dominance_PC25,3.664000,0.040008340
SA_Energy_Dominance_PC25,3.674000,0.040005515
SA_Energy_Dominance_PC25,3.700000,0.039949407
SA_Energy_Dominance_PC25,3.724000,0.039921136
SA_Energy_Dominance_PC25,3.742000,0.039915327
SA_Energy_Dominance_PC25,3.746000,0.039857482
SA_Energy_Dominance_PC25,3.772000,0.039847443
SA_Energy_Dominance_PC25,3.784000,0.039838901
SA_Energy_Dominance_PC25,3.790000,0.039836077
SA_Energy_Dominance_PC25,3.824000,0.039466837
SA_Energy_Dominance_PC25,3.880000,0.039353843
SA_Energy_Dominance_PC25,3.884000,0.039257238
SA_Energy_Dominance_PC25,3.900000,0.038964443
SA_Energy_Dominance_PC25,3.916000,0.038926040
SA_Energy_Dominance_PC25,3.944000,0.038926040
SA_Energy_Dominance_PC25,4.008000,0.038923215
SA_Energy_Dominance_PC25,4.010000,0.038915402
SA_Energy_Dominance_PC25,4.014000,0.038909875
SA_Energy_Dominance_PC25,4.054000,0.038884898
SA_Energy_Dominance_PC25,4.064000,0.038879058
SA_Energy_Dominance_PC25,4.070000,0.038876356
SA_Energy_Dominance_PC25,4.076000,0.038873531
SA_Energy_Dominance_PC25,4.102000,0.038846335
SA_Energy_Dominance_PC25,4.104000,0.038677699
SA_Energy_Dominance_PC25,4.124000,0.038672172
SA_Energy_Dominance_PC25,4.150000,0.038652050
SA_Energy_Dominance_PC25,4.168000,0.038640594
SA_Energy_Dominance_PC25,4.170000,0.038622131
SA_Energy_Dominance_PC25,4.188000,0.038612367
SA_Energy_Dominance_PC25,4.194000,0.038600959
SA_Energy_Dominance_PC25,4.214000,0.038595432
SA_Energy_Dominance_PC25,4.270000,0.038563270
SA_Energy_Dominance_PC25,4.280000,0.038557461
SA_Energy_Dominance_PC25,4.294000,0.038556901
SA_Energy_Dominance_PC25,4.298000,0.038545598
SA_Energy_Dominance_PC25,4.300000,0.038540547
SA_Energy_Dominance_PC25,4.318000,0.038519494
SA_Energy_Dominance_PC25,4.338000,0.038519212
SA_Energy_Dominance_PC25,4.354000,0.038517258
SA_Energy_Dominance_PC25,4.356000,0.038513685
SA_Energy_Dominance_PC25,4.362000,0.038512464
SA_Energy_Dominance_PC25,4.366000,0.038511413
SA_Energy_Dominance_PC25,4.376000,0.038450741
SA_Energy_Dominance_PC25,4.396000,0.038161839
SA_Energy_Dominance_PC25,4.398000,0.038146307
SA_Energy_Dominance_PC25,4.400000,0.038110081
SA_Energy_Dominance_PC25,4.410000,0.038034834
SA_Energy_Dominance_PC25,4.412000,0.037928195
SA_Energy_Dominance_PC25,4.436000,0.037926798
SA_Energy_Dominance_PC25,4.438000,0.037920958
SA_Energy_Dominance_PC25,4.448000,0.037915432
SA_Energy_Dominance_PC25,4.452000,0.037905745
SA_Energy_Dominance_PC25,4.458000,0.037899906
SA_Energy_Dominance_PC25,4.468000,0.037826155
SA_Energy_Dominance_PC25,4.512000,0.037826113
SA_Energy_Dominance_PC25,4.514000,0.037820273
SA_Energy_Dominance_PC25,4.520000,0.037814747
SA_Energy_Dominance_PC25,4.532000,0.037814464
SA_Energy_Dominance_PC25,4.538000,0.037804285
SA_Energy_Dominance_PC25,4.542000,0.037784835
SA_Energy_Dominance_PC25,4.550000,0.037600699
SA_Energy_Dominance_PC25,4.556000,0.037586730
SA_Energy_Dominance_PC25,4.558000,0.037228624
SA_Energy_Dominance_PC25,4.562000,0.037208747
SA_Energy_Dominance_PC25,4.564000,0.037197444
SA_Energy_Dominance_PC25,4.566000,0.037182706
SA_Energy_Dominance_PC25,4.570000,0.037176867
SA_Energy_Dominance_PC25,4.582000,0.037171340
SA_Energy_Dominance_PC25,4.590000,0.037167416
SA_Energy_Dominance_PC25,4.594000,0.037148299
SA_Energy_Dominance_PC25,4.598000,0.037142459
SA_Energy_Dominance_PC25,4.616000,0.037136932
SA_Energy_Dominance_PC25,4.632000,0.037116971
SA_Energy_Dominance_PC25,4.636000,0.037105227
SA_Energy_Dominance_PC25,4.644000,0.037090408
SA_Energy_Dominance_PC25,4.648000,0.037090366
SA_Energy_Dominance_PC25,4.650000,0.037084526
SA_Energy_Dominance_PC25,4.664000,0.037069666
SA_Energy_Dominance_PC25,4.666000,0.037063826
SA_Energy_Dominance_PC25,4.680000,0.037058258
SA_Energy_Dominance_PC25,4.682000,0.037052418
SA_Energy_Dominance_PC25,4.696000,0.037044917
SA_Energy_Dominance_PC25,4.700000,0.037039077
SA_Energy_Dominance_PC25,4.718000,0.037033551
SA_Energy_Dominance_PC25,4.730000,0.037020614
SA_Energy_Dominance_PC25,4.744000,0.037014675
SA_Energy_Dominance_PC25,4.746000,0.036747443
SA_Energy_Dominance_PC25,4.750000,0.036723051
SA_Energy_Dominance_PC25,4.770000,0.036717524
SA_Energy_Dominance_PC25,4.794000,0.036673102
SA_Energy_Dominance_PC25,4.798000,0.036640657
SA_Energy_Dominance_PC25,4.820000,0.036635131
SA_Energy_Dominance_PC25,4.832000,0.036615622
SA_Energy_Dominance_PC25,4.834000,0.036608567
SA_Energy_Dominance_PC25,4.850000,0.036602686
SA_Energy_Dominance_PC25,4.872000,0.036597159
SA_Energy_Dominance_PC25,5.048000,0.036355932
SA_Energy_Dominance_PC25,5.340000,0.036137475
SA_Energy_Dominance_PC25,5.364000,0.036136401
SA_Energy_Dominance_PC25,5.370000,0.036097853
SA_Energy_Dominance_PC25,5.416000,0.036090141
SA_Energy_Dominance_PC25,5.440000,0.036088167
SA_Energy_Dominance_PC25,5.444000,0.036082609
SA_Energy_Dominance_PC25,5.448000,0.036076800
SA_Energy_Dominance_PC25,5.452000,0.036050291
SA_Energy_Dominance_PC25,5.496000,0.035784405
SA_Energy_Dominance_PC25,5.498000,0.035533386
SA_Energy_Dominance_PC25,5.500000,0.035423557
SA_Energy_Dominance_PC25,5.504000,0.035416461
SA_Energy_Dominance_PC25,5.506000,0.035410621
SA_Energy_Dominance_PC25,5.508000,0.035407919
SA_Energy_Dominance_PC25,5.534000,0.035405094
SA_Energy_Dominance_PC25,5.594000,0.035359029
SA_Energy_Dominance_PC25,5.610000,0.035353419
SA_Energy_Dominance_PC25,5.640000,0.035343498
SA_Energy_Dominance_PC25,5.644000,0.035323534
SA_Energy_Dominance_PC25,5.646000,0.035317035
SA_Energy_Dominance_PC25,5.652000,0.035307271
SA_Energy_Dominance_PC25,5.678000,0.035304569
SA_Energy_Dominance_PC25,5.688000,0.035301745
SA_Energy_Dominance_PC25,6.356000,0.035139779
SA_Energy_Dominance_PC25,6.532000,0.034976284
SA_Energy_Dominance_PC25,6.562000,0.034892489
SA_Energy_Dominance_PC25,6.626000,0.034878899
SA_Energy_Dominance_PC25,6.658000,0.034873372
SA_Energy_Dominance_PC25,6.696000,0.034848350
SA_Energy_Dominance_PC25,6.814000,0.034810943
SA_Energy_Dominance_PC25,6.824000,0.034800383
SA_Energy_Dominance_PC25,6.932000,0.034797602
SA_Energy_Dominance_PC25,7.018000,0.033910405
SA_Energy_Dominance_PC25,7.162000,0.033863921
SA_Energy_Dominance_PC25,7.320000,0.033863184
SA_Energy_Dominance_PC25,7.330000,0.033861249
SA_Energy_Dominance_PC25,7.374000,0.033847658
SA_Energy_Dominance_PC25,7.378000,0.033844956
SA_Energy_Dominance_PC25,7.412000,0.033842131
SA_Energy_Dominance_PC25,8.886000,0.033810726
SA_Energy_Dominance_PC25,8.902000,0.033685762
SA_Energy_Dominance_PC25,8.908000,0.033593597
SA_Energy_Dominance_PC25,8.926000,0.033535554
SA_Energy_Dominance_PC25,9.166000,0.033530438
SA_Energy_Dominance_PC25,9.224000,0.033500477
SA_Energy_Dominance_PC25,9.262000,0.033500477
SA_Energy_Dominance_PC25,9.296000,0.033489069
SA_Energy_Dominance_PC25,9.418000,0.033487980
SA_Energy_Dominance_PC25,9.464000,0.033478646
SA_Energy_Dominance_PC25,9.530000,0.033472807
SA_Energy_Dominance_PC25,9.538000,0.033470104
SA_Energy_Dominance_PC25,9.568000,0.033467280
NSGA-II_PC25,1.534000,0.049789681
NSGA-II_PC25,1.540000,0.047783504
NSGA-II_PC25,1.544000,0.047320427
NSGA-II_PC25,1.560000,0.046698578
NSGA-II_PC25,1.570000,0.045739555
NSGA-II_PC25,1.618000,0.045063313
NSGA-II_PC25,1.620000,0.044955183
NSGA-II_PC25,1.626000,0.043665816
NSGA-II_PC25,1.716000,0.043403985
NSGA-II_PC25,1.718000,0.043153939
NSGA-II_PC25,1.730000,0.042501409
NSGA-II_PC25,1.750000,0.042426748
NSGA-II_PC25,1.796000,0.042280793
NSGA-II_PC25,1.816000,0.042132090
NSGA-II_PC25,1.838000,0.042076242
NSGA-II_PC25,1.842000,0.042061922
NSGA-II_PC25,1.850000,0.041688528
NSGA-II_PC25,1.918000,0.041423664
NSGA-II_PC25,1.920000,0.041365761
NSGA-II_PC25,1.940000,0.041148852
NSGA-II_PC25,1.972000,0.040878232
NSGA-II_PC25,2.014000,0.040845957
NSGA-II_PC25,2.090000,0.040728502
NSGA-II_PC25,2.138000,0.040478875
NSGA-II_PC25,2.260000,0.040358198
NSGA-II_PC25,2.310000,0.040357832
NSGA-II_PC25,2.322000,0.040313930
NSGA-II_PC25,2.324000,0.040298172
NSGA-II_PC25,2.326000,0.040223642
NSGA-II_PC25,2.352000,0.040173748
NSGA-II_PC25,2.368000,0.039750974
NSGA-II_PC25,2.432000,0.039660430
NSGA-II_PC25,2.532000,0.039595597
NSGA-II_PC25,2.590000,0.039021595
NSGA-II_PC25,2.918000,0.038999161
NSGA-II_PC25,2.940000,0.038896510
NSGA-II_PC25,2.972000,0.038651662
NSGA-II_PC25,3.114000,0.038586615
NSGA-II_PC25,3.170000,0.038267979
NSGA-II_PC25,3.286000,0.038188668
NSGA-II_PC25,3.376000,0.038165227
NSGA-II_PC25,3.544000,0.037905365
NSGA-II_PC25,3.852000,0.037518977
SPEA-II_PC25,1.432000,0.044712259
SPEA-II_PC25,1.448000,0.044410463
SPEA-II_PC25,1.484000,0.043100956
SPEA-II_PC25,1.552000,0.042824831
SPEA-II_PC25,1.564000,0.041551365
SPEA-II_PC25,1.592000,0.041277773
SPEA-II_PC25,1.632000,0.041275121
SPEA-II_PC25,1.638000,0.041272531
SPEA-II_PC25,1.646000,0.041030240
SPEA-II_PC25,1.650000,0.040722104
SPEA-II_PC25,1.668000,0.040309339
SPEA-II_PC25,1.700000,0.040227904
SPEA-II_PC25,1.728000,0.040202185
SPEA-II_PC25,1.744000,0.040174922
SPEA-II_PC25,1.766000,0.040109149
SPEA-II_PC25,1.772000,0.040094786
SPEA-II_PC25,1.776000,0.040003572
SPEA-II_PC25,1.792000,0.039862513
SPEA-II_PC25,1.816000,0.039740946
SPEA-II_PC25,1.834000,0.039470509
SPEA-II_PC25,1.846000,0.039346791
SPEA-II_PC25,2.032000,0.039338343
SPEA-II_PC25,2.048000,0.039173126
SPEA-II_PC25,2.112000,0.039102259
SPEA-II_PC25,2.250000,0.039047069
SPEA-II_PC25,2.300000,0.038976701
SPEA-II_PC25,2.546000,0.038950238
SPEA-II_PC25,2.640000,0.038898041
SPEA-II_PC25,2.830000,0.038681882
SPEA-II_PC25,3.068000,0.038647030
SPEA-II_PC25,4.330000,0.038610489
AMOSA_PC25,1.700000,0.046339179
AMOSA_PC25,1.762000,0.046178433
AMOSA_PC25,1.820000,0.045883960
AMOSA_PC25,1.846000,0.045786591
AMOSA_PC25,1.854000,0.044163428
AMOSA_PC25,1.862000,0.043935144
AMOSA_PC25,2.076000,0.043781346
AMOSA_PC25,2.088000,0.043643044
AMOSA_PC25,2.112000,0.043458646
AMOSA_PC25,2.314000,0.043126690
AMOSA_PC25,2.414000,0.042894394
AMOSA_PC25,2.436000,0.042727626
AMOSA_PC25,2.532000,0.042590324
AMOSA_PC25,2.598000,0.042379281
AMOSA_PC25,2.604000,0.042142344
AMOSA_PC25,2.838000,0.042091870
AMOSA_PC25,2.864000,0.042002536
AMOSA_PC25,2.886000,0.041935157
AMOSA_PC25,2.920000,0.041796560
AMOSA_PC25,2.988000,0.040896688
AMOSA_PC25,3.254000,0.040877022
AMOSA_PC25,3.256000,0.040875962
AMOSA_PC25,3.266000,0.040680424
AMOSA_PC25,3.452000,0.040608556
AMOSA_PC25,3.908000,0.040462211
